Name,day,Maximum_Temperature,Minimum_Temperature,Temperature,Wind_Chill,Precipitation,Snow,Wind_Speed,Visibility,Cloud_Cover,Relative_Humidity,Conditions
"London, England, United Kingdom",2011-11-23,10.6,4.5,7.8,3.2,0.2,,12.4,10.2,0.1,91.9,Rain
"London, England, United Kingdom",2011-11-24,13.1,9,10.6,7.1,0.24,,22.7,17.6,0.2,88.6,Rain
"London, England, United Kingdom",2011-11-25,13.3,7.6,11.1,4.8,1,,28.8,24.4,0.2,78.93,Rain
"London, England, United Kingdom",2011-11-26,13.1,7,10.4,4.5,0,,35.5,28.1,0.3,80.8,Clear
"London, England, United Kingdom",2011-11-27,14.1,5.1,11.3,4,0.5,,34.5,33.7,0.3,70.82,Rain
"London, England, United Kingdom",2011-11-28,13,1.6,7,5.5,0.3,,20.1,17.5,0.2,86.17,Rain
"London, England, United Kingdom",2011-11-29,13.8,6.8,12,4.1,1.68,,37.8,30.8,0.4,80.88,Rain
"London, England, United Kingdom",2011-11-30,12.1,6.6,9.3,4,0.8,,25.1,27.4,0.2,76.94,Rain
"London, England, United Kingdom",2011-12-01,12.5,6.1,10.1,4.7,5.81,,30,24.1,0.3,81.19,Rain
"London, England, United Kingdom",2011-12-02,8.1,3,6,1.3,5.66,,24.4,20.4,0.2,86.79,Rain
"London, England, United Kingdom",2011-12-03,11.8,8.1,10.4,5,2.83,,30.8,25.7,0.3,79.04,Rain
"London, England, United Kingdom",2011-12-04,9.6,4.8,8.1,1.4,0.75,,21.9,36.8,0.2,82.02,Rain
"London, England, United Kingdom",2011-12-05,7.3,3,4.8,-1.1,0.3,,28.9,41.4,0.1,76.97,Rain
"London, England, United Kingdom",2011-12-06,7.1,2.6,5,-1.7,0.7,,21.7,37.9,0.2,83.11,Rain
"London, England, United Kingdom",2011-12-07,9.3,5,7.7,1.4,2.8,,36.2,36,0.2,67.8,Rain
"London, England, United Kingdom",2011-12-08,13.1,4.3,9.3,0.7,1.26,,43.6,25,0.4,80.58,Rain
"London, England, United Kingdom",2011-12-09,7.8,2.3,5.6,-1.5,1.01,,26.2,33.4,0.1,71.22,Rain
"London, England, United Kingdom",2011-12-10,6.6,-0.2,2.9,-3.5,0,,16.7,29.3,0.1,81.29,Clear
"London, England, United Kingdom",2011-12-11,9,2.5,6.6,0.6,0.92,,26.2,24.3,0.4,87.63,Rain
"London, England, United Kingdom",2011-12-12,10,3.3,6.8,-0.3,4.12,,39.4,27.1,0.2,84.45,Rain
"London, England, United Kingdom",2011-12-13,12.3,5.1,8.2,0.9,11.88,,40.7,35,0.3,74.07,Rain
"London, England, United Kingdom",2011-12-14,6.3,4.5,5.5,1.4,1.6,,32.5,38.4,0.2,77.61,Rain
"London, England, United Kingdom",2011-12-15,8.3,4.3,6.4,1.3,0.3,,37.9,33.3,0.2,76.64,Rain
"London, England, United Kingdom",2011-12-16,5,2.3,3.9,-2.1,13.59,,25.5,25.4,0.3,86.72,Rain
"London, England, United Kingdom",2011-12-17,5.8,0.1,3.3,-3.5,1.2,,20,26,0.2,86.55,Rain
"London, England, United Kingdom",2011-12-18,5.8,-0.5,2.4,-3.7,0.7,,21.9,32.9,0.1,83.62,Rain
"London, England, United Kingdom",2011-12-19,6.6,-0.9,3.4,-2.7,4.81,,16.3,14.4,0.3,95.87,Rain
"London, England, United Kingdom",2011-12-20,8.8,5.6,6.9,2,1.2,,25,33.3,0.2,81.74,Rain
"London, England, United Kingdom",2011-12-21,12.3,6.1,9.7,4.3,4.1,,17.3,16.5,0.3,94.29,Rain
"London, England, United Kingdom",2011-12-22,12.3,7.7,10.3,5,0.3,,19.9,24.8,0.1,87.55,Rain
"London, England, United Kingdom",2011-12-23,11.6,5.6,9.9,1.6,4.6,,32.5,28,0.4,84.04,Rain
"London, England, United Kingdom",2011-12-24,8.5,3.3,6.2,-0.1,0.88,,23.1,30.8,0.2,80.2,Rain
"London, England, United Kingdom",2011-12-25,12.1,8.8,10.9,6,0.75,,28.1,38.3,0.3,82.71,Rain
"London, England, United Kingdom",2011-12-26,13.1,10.1,11.8,,0.2,,24.7,35.1,0.3,83.59,Rain
"London, England, United Kingdom",2011-12-27,10.6,8.1,10.1,5.6,0,,20.8,37.1,0.2,73.39,Clear
"London, England, United Kingdom",2011-12-28,11.3,6.1,9.1,2.1,0.5,,27.9,27.6,0.3,76.45,Rain
"London, England, United Kingdom",2011-12-29,10.1,5.3,7.5,1,4.29,,30.7,26.9,0.4,75.56,Rain
"London, England, United Kingdom",2011-12-30,10.5,5.6,6.8,2.3,3.51,,24.6,19.1,28.7,84.95,"Rain, Partially cloudy"
"London, England, United Kingdom",2011-12-31,12.6,10.9,11.6,,2.23,,25.3,41.6,48.2,89.89,"Rain, Partially cloudy"
"London, England, United Kingdom",2012-01-01,13,7.5,11.2,4.3,9.84,,26.4,29.3,13.2,89.47,Rain
"London, England, United Kingdom",2012-01-02,7.8,4.3,6,0.9,11.18,,27,33.8,4.4,80.72,Rain
"London, England, United Kingdom",2012-01-03,12.5,5.8,8.9,2.1,8.43,,51.2,21.7,12.4,81.9,Rain
"London, England, United Kingdom",2012-01-04,9.6,5.3,7.3,0.8,0,,47.4,24.8,0.4,77.54,Clear
"London, England, United Kingdom",2012-01-05,11.6,7.5,9.9,4.1,5.09,,52.1,32,0.3,68.57,Rain
"London, England, United Kingdom",2012-01-06,9.3,4.8,7.4,2.4,0.2,,23.4,28,0.2,77.15,Rain
"London, England, United Kingdom",2012-01-07,10.6,8,9.6,5.2,0,,26.8,32.3,0.3,71.79,Clear
"London, England, United Kingdom",2012-01-08,9.8,8.1,9,6,0,,14.7,34.6,0.2,74.76,Clear
"London, England, United Kingdom",2012-01-09,12.6,8,10.4,6,0.3,,24.1,26.9,0.2,84.48,Rain
"London, England, United Kingdom",2012-01-10,11.5,9.3,10.4,7.6,0.2,,20.1,32.3,0.3,86.3,Rain
"London, England, United Kingdom",2012-01-11,11.3,7.3,9.4,5.2,0.7,,18.7,34.1,0.2,83.08,Rain
"London, England, United Kingdom",2012-01-12,12.8,5.8,9.2,4.1,0.2,,27,31.4,0.2,79.22,Rain
"London, England, United Kingdom",2012-01-13,6.6,2.3,4.8,1.2,0,,11.4,18.5,0.1,81.29,Clear
"London, England, United Kingdom",2012-01-14,6.3,-1.4,2.7,0.6,0.2,,9.3,14.1,0,85.62,Rain
"London, England, United Kingdom",2012-01-15,6.3,1.6,3.7,-1.1,0.3,,20.9,20.8,0,75.98,Rain
"London, England, United Kingdom",2012-01-16,6.8,1.5,3.5,-1.3,0.2,,14.3,20.1,0.1,71.33,Rain
"London, England, United Kingdom",2012-01-17,6.3,-1.2,3,-3.4,0.26,,9.9,14.4,0.2,83.35,Rain
"London, England, United Kingdom",2012-01-18,12.1,5.1,9.5,2.5,0.8,,22.6,10.7,0.3,92.72,Rain
"London, England, United Kingdom",2012-01-19,11.6,7.1,9.8,3.5,8.08,,28.1,34.8,0.3,85.21,Rain
"London, England, United Kingdom",2012-01-20,10.6,5.1,8.1,1.5,0,,30.7,27.4,0.3,77.61,Clear
"London, England, United Kingdom",2012-01-21,12.6,7.8,10.5,4.5,0.3,,33.2,33.8,0.4,74.73,Rain
"London, England, United Kingdom",2012-01-22,12,6.1,8.7,2.1,0.3,,30.4,28.3,0.3,67.52,Rain
"London, England, United Kingdom",2012-01-23,8.6,3.8,6.5,1.9,0,,18.6,30.6,0.2,77.49,Clear
"London, England, United Kingdom",2012-01-24,10,2.3,6.1,-0.2,5.11,,14.5,10.5,0.3,96.08,Rain
"London, England, United Kingdom",2012-01-25,10.1,8.6,9.5,5.8,1.26,,25.1,23.1,0.3,88.89,Rain
"London, England, United Kingdom",2012-01-26,10.1,3.6,7.7,0.4,1.62,,34.1,32.7,0.2,79.35,Rain
"London, England, United Kingdom",2012-01-27,8.8,3.3,5.4,0,2.2,,20.2,32.5,0.1,77.71,Rain
"London, England, United Kingdom",2012-01-28,7,4,5,1.2,1.51,,14.4,18.5,0.2,83.8,Rain
"London, England, United Kingdom",2012-01-29,5.1,2,3.5,-0.6,0.26,,14.8,8.5,0.2,88.09,Rain
"London, England, United Kingdom",2012-01-30,4.3,1.3,3,-0.1,0.3,,10,11.9,0.2,77.46,Rain
"London, England, United Kingdom",2012-01-31,2.6,0.1,1.8,-2.4,0.3,,16.2,5.8,0.2,82.29,Rain
"London, England, United Kingdom",2012-02-01,3.8,-0.4,1.3,-5.6,0.2,,28.3,20,0.1,65.71,Rain
"London, England, United Kingdom",2012-02-02,1.8,-1.2,-0.1,-5.9,0.2,,24.4,35.3,0,56.92,Rain
"London, England, United Kingdom",2012-02-03,1.8,-1.9,-0.1,-5.3,0,,12.4,26.3,0.1,64.83,Clear
"London, England, United Kingdom",2012-02-04,1.1,-2.5,-0.6,-5.9,0,,18.7,9.2,0.2,79.08,Clear
"London, England, United Kingdom",2012-02-05,2.3,0.1,1.2,-4.5,6.39,,16.8,4.4,0.3,95.63,Rain
"London, England, United Kingdom",2012-02-06,5,1.3,2.8,0.1,8.35,,8.1,4.4,0.3,91.31,Rain
"London, England, United Kingdom",2012-02-07,3.3,-2.4,1,-7.5,0.96,,18.7,14.9,0.2,73.51,Rain
"London, England, United Kingdom",2012-02-08,1.1,-1.7,0.1,-6.3,0,,17.6,20.6,0.2,75.66,Clear
"London, England, United Kingdom",2012-02-09,2.3,-0.7,0.7,-3.8,0.5,,10.9,12.7,0.3,79.54,Rain
"London, England, United Kingdom",2012-02-10,1.5,-1.5,0.1,-3.3,3,,13.6,10.5,0.1,80.37,Rain
"London, England, United Kingdom",2012-02-11,2.6,-3.9,-1,-3.2,0,,8.1,6.9,0,74.9,Clear
"London, England, United Kingdom",2012-02-12,5.5,-3.2,1.3,-4.6,0.8,,12.3,5,0.3,86.81,Rain
"London, England, United Kingdom",2012-02-13,7,1.1,4.7,-1.1,0.7,,19.7,12.4,0.3,89.17,Rain
"London, England, United Kingdom",2012-02-14,8.8,5.1,6.8,1.5,0.5,,21.2,23.6,0.3,74.6,Rain
"London, England, United Kingdom",2012-02-15,11.1,7.1,9.1,3.9,0,,24.9,28.5,0.3,72.23,Clear
"London, England, United Kingdom",2012-02-16,11,5.6,8.3,3.6,0.3,,19.5,29.8,0.2,73.62,Rain
"London, England, United Kingdom",2012-02-17,12,7.1,9.6,5.2,0.3,,23.8,19.1,0.3,84.04,Rain
"London, England, United Kingdom",2012-02-18,11.3,3.6,8.1,-0.3,3,,33,38.4,0.3,78.36,Rain
"London, England, United Kingdom",2012-02-19,6.8,1.8,4.2,-1.8,0.2,,22.3,36.8,0,61.92,Rain
"London, England, United Kingdom",2012-02-20,8.6,-1.7,4,-2.7,0,,22.3,31.6,0.2,69.91,Clear
"London, England, United Kingdom",2012-02-21,12.1,6.1,8.8,3.2,0.5,,25.2,31.9,0.2,75.55,Rain
"London, England, United Kingdom",2012-02-22,10.5,7.8,9,4.4,1,,31.9,20.6,0.4,83.22,Rain
"London, England, United Kingdom",2012-02-23,17,10.6,13.3,,0.2,,22.8,21.8,0.2,83.71,Rain
"London, England, United Kingdom",2012-02-24,15,9.8,11.7,7.3,0,,21.8,26.9,0.3,82.99,Clear
"London, England, United Kingdom",2012-02-25,12.8,8.1,10,6.3,0.2,,16.9,27,0.2,64.11,Rain
"London, England, United Kingdom",2012-02-26,13.1,4,8.5,3.9,0,,14.5,19.7,0.1,72.06,Clear
"London, England, United Kingdom",2012-02-27,11.3,6.5,9.2,4,0.27,,17.5,22.6,0.3,83.99,Rain
"London, England, United Kingdom",2012-02-28,14.3,10.1,11.6,,0.3,,12.4,9.9,0.3,85.17,Rain
"London, England, United Kingdom",2012-02-29,12.8,9.8,11,8.5,0,,12.3,9.1,0.3,85.42,Clear
"London, England, United Kingdom",2012-03-01,15.3,7.1,11,7.4,0,,9,6,0.1,77.36,Clear
"London, England, United Kingdom",2012-03-02,9.8,6.3,8,5.4,0,,15.5,3.9,0.1,89.41,Clear
"London, England, United Kingdom",2012-03-03,14.8,7.1,9.9,5.2,1.06,,26.7,12.5,0.2,80.9,Rain
"London, England, United Kingdom",2012-03-04,9.8,4.3,6.9,-0.2,3.36,,29.6,19.4,0.4,88.89,Rain
"London, England, United Kingdom",2012-03-05,10.1,4.5,6.8,-0.4,2.2,,34.7,45.1,0.4,62.79,Rain
"London, England, United Kingdom",2012-03-06,7.3,4.1,5.5,0.3,0,,19.9,25.5,0.2,77.43,Clear
"London, England, United Kingdom",2012-03-07,11.5,5.5,7.9,2.3,4.87,,33.4,29,0.3,77.75,Rain
"London, England, United Kingdom",2012-03-08,12.6,3.3,7.7,0.2,1,,19.9,27.9,0.1,67.61,Rain
"London, England, United Kingdom",2012-03-09,11.3,7.1,9.6,4.7,0.5,,22.8,25.6,0.3,76.74,Rain
"London, England, United Kingdom",2012-03-10,16,9.1,12,6.9,0,,16.9,19.8,0.3,80.16,Clear
"London, England, United Kingdom",2012-03-11,16.1,7,11.3,7.2,0.3,,11.5,16.1,0.1,79.45,Rain
"London, England, United Kingdom",2012-03-12,14.8,5.8,9.5,7.5,0,,10,6.2,0.1,85.06,Clear
"London, England, United Kingdom",2012-03-13,11.5,6.5,8.1,4.9,0.2,,10.3,7.1,0.2,84.67,Rain
"London, England, United Kingdom",2012-03-14,13.1,5.6,7.8,3.8,0,,10.1,6.6,0.2,79.37,Clear
"London, England, United Kingdom",2012-03-15,17.3,3.6,9.6,2.4,2,,16.5,3.7,0,80.84,Rain
"London, England, United Kingdom",2012-03-16,10,8.6,9.3,6.2,0.2,,19.6,11.8,0.2,75.45,Rain
"London, England, United Kingdom",2012-03-17,11.1,7.8,9.4,5.4,0.78,,18,14,0.3,86.14,Rain
"London, England, United Kingdom",2012-03-18,10.3,4.3,7.4,2.1,3.62,,16.7,23.3,0.1,80.88,Rain
"London, England, United Kingdom",2012-03-19,13.6,1.8,8,1,0,,17.3,29.7,0,66.77,Clear
"London, England, United Kingdom",2012-03-20,15.1,4.3,9.9,2.5,1.3,,15.4,31,0.1,70.88,Rain
"London, England, United Kingdom",2012-03-21,16.1,8.3,11.8,6.9,0,,19.3,23.6,0.2,64.34,Clear
"London, England, United Kingdom",2012-03-22,16.4,6.6,11.1,4.3,0,,26.1,8,0.2,70.64,Clear
"London, England, United Kingdom",2012-03-23,20.6,7.5,13.2,8.4,0,,9.5,6.8,0.1,71.81,Clear
"London, England, United Kingdom",2012-03-24,19.4,7.3,12.4,7.6,0,,15.9,8,0.1,73.18,Clear
"London, England, United Kingdom",2012-03-25,14.2,5,8.9,3.4,0,,14.3,16.2,0.1,77.3,Clear
"London, England, United Kingdom",2012-03-26,18.8,4.3,10.8,2.8,0,,19.5,15,0,69.45,Clear
"London, England, United Kingdom",2012-03-27,18.8,6.8,12.1,6.1,0.3,,15.4,25.1,0,49.38,Rain
"London, England, United Kingdom",2012-03-28,21.8,5.6,13.8,,0,,10.8,29.7,0,48.32,Clear
"London, England, United Kingdom",2012-03-29,19.8,7.1,13.8,6.1,0,,13.6,15.9,0.1,59.61,Clear
"London, England, United Kingdom",2012-03-30,17.8,8.6,12.6,7.8,0,,15.2,7.8,0.1,69.1,Clear
"London, England, United Kingdom",2012-03-31,11.3,6.3,9.2,4.5,0,,20.5,22.4,0.2,68.81,Clear
"London, England, United Kingdom",2012-04-01,13.6,3.5,8.4,2.3,0,,9.4,30.4,0.1,58.45,Clear
"London, England, United Kingdom",2012-04-02,15.3,4.6,10.1,3.8,0,,10.3,23.6,0.1,61.62,Clear
"London, England, United Kingdom",2012-04-03,13.1,5.5,9.6,6,0.5,,17.6,19.7,0.2,75.61,Rain
"London, England, United Kingdom",2012-04-04,10.3,3.8,7.7,1.8,7.57,,17.5,25,0.2,73.73,Rain
"London, England, United Kingdom",2012-04-05,9.1,4.6,7.5,2.8,0.3,,21.8,16.5,0.2,74.01,Rain
"London, England, United Kingdom",2012-04-06,13,1.3,7.7,-0.4,0,,17.9,28,0.1,62.53,Clear
"London, England, United Kingdom",2012-04-07,11.1,7.6,9,7,0.49,,16.8,25.9,0.3,72.98,Rain
"London, England, United Kingdom",2012-04-08,13.5,6.6,10.1,4.6,0.8,,20.8,22,0.3,80.34,Rain
"London, England, United Kingdom",2012-04-09,11.1,8.6,9.9,5.9,4.9,,31.3,16.4,0.5,90.03,Rain
"London, England, United Kingdom",2012-04-10,14.1,6.3,9.5,3.1,6.8,,27.4,36.8,0.1,70.08,Rain
"London, England, United Kingdom",2012-04-11,13.6,3.8,9.1,2.9,1.3,,19.7,37,0.2,66.89,Rain
"London, England, United Kingdom",2012-04-12,12.6,4.1,8.5,4,1.51,,13.1,26.6,0.2,76.72,Rain
"London, England, United Kingdom",2012-04-13,12.3,4.5,8.5,3.2,0.7,,8.6,18,0.1,76.53,Rain
"London, England, United Kingdom",2012-04-14,12,6.1,8.7,3.7,4.6,,21.2,26,0.3,70.64,Rain
"London, England, United Kingdom",2012-04-15,9.5,3.8,6.6,-0.1,0,,25.3,38.2,0.1,65.18,Clear
"London, England, United Kingdom",2012-04-16,11.3,3,7,1.5,0.3,,18.3,37.4,0.1,55.74,Rain
"London, England, United Kingdom",2012-04-17,14.3,5.3,8.4,2,1.01,,35,33.2,0.3,71.26,Rain
"London, England, United Kingdom",2012-04-18,10.5,6.3,8.1,3,10.23,,27.7,21,0.4,86.99,Rain
"London, England, United Kingdom",2012-04-19,10.6,6.8,7.8,3.7,20.36,,19.4,18.3,0.3,91.75,Rain
"London, England, United Kingdom",2012-04-20,12.6,5.6,8.2,3,4.22,,19.9,25.1,0.2,82.9,Rain
"London, England, United Kingdom",2012-04-21,13,4.1,8.5,2.1,3.27,,25.2,40.3,0.2,72.88,Rain
"London, England, United Kingdom",2012-04-22,14.6,4.8,9,2.4,1.5,,25.9,33.1,0.2,77.83,Rain
"London, England, United Kingdom",2012-04-23,10.1,7.3,8.2,4.8,4.81,,23.8,19.7,0.3,85.56,Rain
"London, England, United Kingdom",2012-04-24,12.8,7.3,9.4,4.4,5.81,,19.7,25,0.2,73.8,Rain
"London, England, United Kingdom",2012-04-25,12.1,6.8,9.1,2.4,7.35,,32.4,18.3,0.5,88.09,Rain
"London, England, United Kingdom",2012-04-26,14.6,9.1,11.1,5.7,11.78,,39.8,24.8,0.4,77.14,Rain
"London, England, United Kingdom",2012-04-27,15.5,9.6,11.5,7.2,8.62,,24.7,31.4,0.3,77.52,Rain
"London, England, United Kingdom",2012-04-28,10.1,6.3,8.7,2,5.53,,32.7,12.2,0.5,91.64,Rain
"London, England, United Kingdom",2012-04-29,15.3,6.1,9.6,1.5,18.86,,33.6,24.4,0.5,85.01,Rain
"London, England, United Kingdom",2012-04-30,17.6,8.8,13.5,5.9,0,,23.6,40.5,0.2,67.12,Clear
"London, England, United Kingdom",2012-05-01,17.6,11.3,13.9,,13.89,,22.5,18.6,0.3,83.97,Rain
"London, England, United Kingdom",2012-05-02,14.6,9.6,11.4,7.7,0,,18.8,12,0.3,83.59,Clear
"London, England, United Kingdom",2012-05-03,9.6,8.1,8.9,6.2,6.93,,14.4,14.4,0.3,88.66,Rain
"London, England, United Kingdom",2012-05-04,9.3,7.6,8.5,6.3,0.5,,14.3,18.5,0.4,84.28,Rain
"London, England, United Kingdom",2012-05-05,10.3,6.3,7.9,3.3,3.83,,20.6,32.7,0.3,71.2,Rain
"London, England, United Kingdom",2012-05-06,9,5.8,7.4,3.3,0.92,,15.9,31.5,0.3,73.22,Rain
"London, England, United Kingdom",2012-05-07,15,5.5,9.9,5.4,0.5,,20.7,19.9,0.3,82.49,Rain
"London, England, United Kingdom",2012-05-08,18,10.3,13.6,,4.9,,19.4,25.9,0.3,80.95,Rain
"London, England, United Kingdom",2012-05-09,15.5,10.8,13.4,,3.05,,22.7,10.1,0.4,92.14,Rain
"London, England, United Kingdom",2012-05-10,17.1,14.3,15.7,,12,,30.2,22.6,0.5,89.69,Rain
"London, England, United Kingdom",2012-05-11,16.3,9.1,13.2,7,0,,28.7,45.2,0.2,62.29,Clear
"London, England, United Kingdom",2012-05-12,14.8,6.1,10.7,4.1,0.2,,17.5,43.1,0.1,56.73,Rain
"London, England, United Kingdom",2012-05-13,16.8,6.1,11.9,4.9,0,,25,31.9,0.1,60.63,Clear
"London, England, United Kingdom",2012-05-14,11.8,7.3,9.8,4.6,3.5,,22.3,29.3,0.2,79.41,Rain
"London, England, United Kingdom",2012-05-15,12.3,6,8.1,3.1,6.11,,23,30.8,0.3,81,Rain
"London, England, United Kingdom",2012-05-16,14,4.1,10.1,2.2,0.5,,17,35.4,0.1,62.87,Rain
"London, England, United Kingdom",2012-05-17,14.5,6.5,11.4,5.7,0,,17.5,32.4,4.3,64.83,Clear
"London, England, United Kingdom",2012-05-18,16.3,9.6,13.1,7.6,0.7,,16.1,17.2,0.3,75.69,Rain
"London, England, United Kingdom",2012-05-19,16.6,10.1,13.6,,0.8,,17.7,15.3,0.3,77.46,Rain
"London, England, United Kingdom",2012-05-20,12.3,9.3,10.8,7,0,,19.7,20.4,0.2,81.86,Clear
"London, England, United Kingdom",2012-05-21,16.3,9.6,12.9,7.4,0,,19.7,13.2,0.2,81.2,Clear
"London, England, United Kingdom",2012-05-22,25.1,11.8,18.1,,0,,19.2,13.9,0.1,73.84,Clear
"London, England, United Kingdom",2012-05-23,26,14.1,19.7,,0,,12,13.9,0,73.58,Clear
"London, England, United Kingdom",2012-05-24,26.1,15.7,20.7,,0,,13.6,11.2,0,75.41,Clear
"London, England, United Kingdom",2012-05-25,24.8,16.5,20.5,,0,,28.5,21.4,0,61.05,Clear
"London, England, United Kingdom",2012-05-26,25.3,15.3,20.3,,0,,29.5,26.8,0,55.7,Clear
"London, England, United Kingdom",2012-05-27,26.5,13.8,20.3,,0,,20.9,30,0,54.4,Clear
"London, England, United Kingdom",2012-05-28,26.3,14.8,21,,0,,16.1,27.4,0.1,59.18,Clear
"London, England, United Kingdom",2012-05-29,23.3,14.6,18.4,,0,,13.9,18.8,0.1,71.56,Clear
"London, England, United Kingdom",2012-05-30,24.8,13,18.8,,2.27,,21.2,19.6,0.2,70.08,Rain
"London, England, United Kingdom",2012-05-31,20.1,14.1,16.8,,0.3,,26.9,24.5,0.3,74.36,Rain
"London, England, United Kingdom",2012-06-01,20.3,14.1,17,,0,,14.2,21.2,0.3,76.93,Clear
"London, England, United Kingdom",2012-06-02,17.9,12.1,14.2,,1.3,,20,13.1,0.3,80.57,Rain
"London, England, United Kingdom",2012-06-03,12.4,10.6,11.6,,20.89,,18.8,7.6,0.3,95.42,Rain
"London, England, United Kingdom",2012-06-04,14.3,7.8,10.9,4.7,16.96,,19.9,28.3,0.3,77.7,Rain
"London, England, United Kingdom",2012-06-05,15.3,8.3,11.9,9,5.4,,22,19.8,0.3,80.78,Rain
"London, England, United Kingdom",2012-06-06,19,12.6,15.3,,4.69,,26.7,20.2,0.3,80.66,Rain
"London, England, United Kingdom",2012-06-07,17.5,12.6,14.9,,8.42,,33.5,17.5,0.5,84.45,Rain
"London, England, United Kingdom",2012-06-08,15.6,12.6,13.9,,4.01,,42.4,22,0.5,76.72,Rain
"London, England, United Kingdom",2012-06-09,18.5,11.1,14.4,,0,,32.5,37.3,1.1,60.21,Clear
"London, England, United Kingdom",2012-06-10,17.6,9.3,13.8,9.2,1.57,,14.5,19.7,0.3,77.61,Rain
"London, England, United Kingdom",2012-06-11,13.5,11.1,12.4,,40.88,,20.3,7.7,0.3,95.58,Rain
"London, England, United Kingdom",2012-06-12,13.3,10.8,12,,10.89,,21.2,26.1,0.3,81.62,Rain
"London, England, United Kingdom",2012-06-13,18.1,8.1,13.4,,0,,13.7,32.9,0.1,65.09,Clear
"London, England, United Kingdom",2012-06-14,18.8,9.3,14,8.7,0,,24.2,26.1,0.2,70.95,Clear
"London, England, United Kingdom",2012-06-15,18.1,12.9,15.4,,10.61,,33.1,22.1,0.3,77.44,Rain
"London, England, United Kingdom",2012-06-16,17.8,12.6,15.3,,0.3,,39.3,24.6,0.4,71.11,Rain
"London, England, United Kingdom",2012-06-17,19.8,12.5,16.1,,0.4,,24.4,30.5,0.2,66.5,Rain
"London, England, United Kingdom",2012-06-18,19.6,11.3,15,,3.31,,18.3,29.6,0.2,70.78,Rain
"London, England, United Kingdom",2012-06-19,21.1,10.5,16.2,,0.3,,11.7,28.8,0.2,67.25,Rain
"London, England, United Kingdom",2012-06-20,21.6,11.6,17.3,,0,,20.2,31.1,0.2,63.09,Clear
"London, England, United Kingdom",2012-06-21,19.3,11.5,15.7,,5.44,,35.2,17.1,0.4,84.73,Rain
"London, England, United Kingdom",2012-06-22,18.3,11.5,15,,11.4,,39.6,27.3,0.4,76.61,Rain
"London, England, United Kingdom",2012-06-23,18.5,10.8,14.8,,0.3,,26.5,30.5,0.2,70.12,Rain
"London, England, United Kingdom",2012-06-24,20.6,11.6,15.8,,11.41,,33.1,30.6,0.3,76.37,Rain
"London, England, United Kingdom",2012-06-25,21.6,12.3,17.4,,0.25,,16.5,32.4,0.2,67.81,Rain
"London, England, United Kingdom",2012-06-26,23.8,14.6,18.6,,0,,19.4,30.5,0.3,67.58,Clear
"London, England, United Kingdom",2012-06-27,23.6,17.1,19.7,,0,,16.9,26,0.3,81.58,Clear
"London, England, United Kingdom",2012-06-28,27.8,15.8,21.8,,0.3,,26.3,27.8,0.1,72.98,Rain
"London, England, United Kingdom",2012-06-29,21.5,14.1,17.3,,0.2,,35.4,25.3,0.4,74.26,Rain
"London, England, United Kingdom",2012-06-30,20.6,13.6,17.4,,6.58,,32.3,28.4,0.3,69.2,Rain
"London, England, United Kingdom",2012-07-01,18.6,11.3,15.2,,1.3,,29.4,32.9,0.2,69.5,Rain
"London, England, United Kingdom",2012-07-02,18.1,13,15.5,,3.47,,27.3,22,0.4,83.05,Rain
"London, England, United Kingdom",2012-07-03,19.3,15.6,17.2,,6.19,,22.4,21,0.4,88.61,Rain
"London, England, United Kingdom",2012-07-04,21.5,16,18.6,,7.61,,18.2,23.2,0.3,84.77,Rain
"London, England, United Kingdom",2012-07-05,22.8,15.5,18.8,,0.54,,12.7,31.4,0.3,69.24,Rain
"London, England, United Kingdom",2012-07-06,19,15,16.4,,7.52,,17.4,21.1,0.3,82.3,Rain
"London, England, United Kingdom",2012-07-07,19.3,13.6,16.3,,0.5,,22.6,22.6,0.3,79.65,Rain
"London, England, United Kingdom",2012-07-08,19.2,14.6,16.1,,19.11,,16.9,20.2,0.3,89.62,Rain
"London, England, United Kingdom",2012-07-09,18.1,14.6,16.3,,1.94,,21.6,21.3,0.3,85.41,Rain
"London, England, United Kingdom",2012-07-10,18,12.3,15.4,,2.83,,20.7,25.9,0.3,84.06,Rain
"London, England, United Kingdom",2012-07-11,20.1,12,15,,9.17,,26.3,33.9,0.3,78.6,Rain
"London, England, United Kingdom",2012-07-12,19.6,10.1,14.4,,6.07,,22.1,28.5,0.2,79.98,Rain
"London, England, United Kingdom",2012-07-13,20,14.3,16.2,,7.53,,23.7,25.4,0.3,83.11,Rain
"London, England, United Kingdom",2012-07-14,17,13,14.8,,14.36,,15.8,22.9,0.4,87.69,Rain
"London, England, United Kingdom",2012-07-15,19.1,12.8,15.5,,2,,20.3,31.2,0.2,67.03,Rain
"London, England, United Kingdom",2012-07-16,17.3,13.3,15.6,,2.31,,28.1,24,3.5,84.79,Rain
"London, England, United Kingdom",2012-07-17,22.6,13.6,18.7,,0.4,,23.2,26.8,0.2,77.49,Rain
"London, England, United Kingdom",2012-07-18,18.8,15,16.9,,1.81,,23.4,24.6,0.3,84.97,Rain
"London, England, United Kingdom",2012-07-19,21.1,14.1,17.3,,2,,26,29.4,0.2,70.59,Rain
"London, England, United Kingdom",2012-07-20,18.8,13.6,15.5,,0.71,,12.8,29.9,0.2,77.79,Rain
"London, England, United Kingdom",2012-07-21,20.3,12.3,16.1,,0,,9.5,29.7,0.2,67.98,Clear
"London, England, United Kingdom",2012-07-22,23.5,12.4,18,,0,,20,34,0.1,64.38,Clear
"London, England, United Kingdom",2012-07-23,27.8,12.8,20.8,,0,,19.3,36.4,0,56.75,Clear
"London, England, United Kingdom",2012-07-24,28.9,14.3,22.3,,0,,11,30.3,0,56.72,Clear
"London, England, United Kingdom",2012-07-25,30.1,16,23.2,,0,,15.2,29.2,0,55.33,Clear
"London, England, United Kingdom",2012-07-26,27.1,16.6,21.3,,0,,15.5,23.5,0,58.94,Clear
"London, England, United Kingdom",2012-07-27,24.1,16.3,20.4,,0,,13.8,15.4,0.3,73.33,Clear
"London, England, United Kingdom",2012-07-28,21.8,14.3,17.9,,0.3,,22.6,36,0.2,52.77,Rain
"London, England, United Kingdom",2012-07-29,19.6,11.1,14.4,,4.12,,22.1,33.3,0.1,75.94,Rain
"London, England, United Kingdom",2012-07-30,20.6,10.1,15.6,,0,,26.3,37.3,0.2,62.92,Clear
"London, England, United Kingdom",2012-07-31,20.3,11.3,16.2,,4.3,,20.7,19.7,0.3,85.4,Rain
"London, England, United Kingdom",2012-08-01,23.5,14.1,18.4,,0.2,,23.3,23.7,0.2,77.82,Rain
"London, England, United Kingdom",2012-08-02,22,16,18.5,,3,,30.5,24.9,0.3,72.09,Rain
"London, England, United Kingdom",2012-08-03,22.3,13.1,17.8,,1.3,,28.2,27.1,0.1,72.05,Rain
"London, England, United Kingdom",2012-08-04,22.1,14.6,17.7,,2.4,,24.4,26.9,0.3,77.61,Rain
"London, England, United Kingdom",2012-08-05,21.1,13.1,16.9,,8.09,,19.2,24.1,0.2,79.88,Rain
"London, England, United Kingdom",2012-08-06,21.8,15.1,17.5,,5.69,,26.4,28.7,0.3,77.4,Rain
"London, England, United Kingdom",2012-08-07,19.8,11.3,15.7,,0.7,,19.6,31.7,0.3,78.77,Rain
"London, England, United Kingdom",2012-08-08,23.6,15.5,19.3,,1.7,,11.2,25.4,0.2,76.42,Rain
"London, England, United Kingdom",2012-08-09,27.3,13.5,20.5,,0.2,,10.7,24.1,0.1,67.27,Rain
"London, England, United Kingdom",2012-08-10,25.8,15.1,20.7,,0,,11.1,23.5,0.1,68.79,Clear
"London, England, United Kingdom",2012-08-11,23.1,16.1,19.4,,0,,25.9,23,0.1,66.17,Clear
"London, England, United Kingdom",2012-08-12,25.8,16.6,20.7,,0,,17.5,21.2,0.2,69.02,Clear
"London, England, United Kingdom",2012-08-13,23.5,15.6,19.1,,1.63,,20.9,24.7,0.3,77.92,Rain
"London, England, United Kingdom",2012-08-14,24.5,18,20.8,,1.5,,15.3,28.5,0.2,72.25,Rain
"London, England, United Kingdom",2012-08-15,23.1,17.6,19.9,,0.5,,28.5,25.1,0.2,75.89,Rain
"London, England, United Kingdom",2012-08-16,22.1,16.3,19.1,,1,,24.1,23.6,0.3,70.38,Rain
"London, England, United Kingdom",2012-08-17,27.8,18,22.5,,0.2,,25.9,32.1,0.2,61.76,Rain
"London, England, United Kingdom",2012-08-18,30.6,21,25.2,,0,,18.5,34.6,0.1,58.81,Clear
"London, England, United Kingdom",2012-08-19,29.5,18.5,23.9,,0.7,,16.2,25.9,0.1,71.02,Rain
"London, England, United Kingdom",2012-08-20,24.8,17.1,20.6,,0.2,,17.4,27.9,0.2,74.64,Rain
"London, England, United Kingdom",2012-08-21,22.1,16.6,19,,0,,17.6,22.3,0.2,74.61,Clear
"London, England, United Kingdom",2012-08-22,21.8,13.5,17.6,,0.8,,25.8,24.8,0.1,70.5,Rain
"London, England, United Kingdom",2012-08-23,22.6,13.1,17.7,,0,,13.9,24.2,0.2,68.8,Clear
"London, England, United Kingdom",2012-08-24,20.3,14.5,17.1,,1.24,,22.9,21.8,0.3,75.58,Rain
"London, England, United Kingdom",2012-08-25,21.3,14.9,17,,15.69,,23.7,22,0.3,88.94,Rain
"London, England, United Kingdom",2012-08-26,21.3,14.6,17.3,,11.66,,25.2,31.4,0.2,67.74,Rain
"London, England, United Kingdom",2012-08-27,21.3,13.1,17.7,,0.7,,26.2,25.5,0.3,74.59,Rain
"London, England, United Kingdom",2012-08-28,23.3,15.1,18.5,,3.82,,25.4,23.6,0.2,74.9,Rain
"London, England, United Kingdom",2012-08-29,20.1,14.1,15.8,,3.61,,29.7,19.7,0.2,84.35,Rain
"London, England, United Kingdom",2012-08-30,17.3,10.8,14.9,,1.51,,28.6,25.9,0.2,78.04,Rain
"London, England, United Kingdom",2012-08-31,18.5,8.5,13.9,7.1,0.2,,17.9,34.3,0.1,58.01,Rain
"London, England, United Kingdom",2012-09-01,20.8,13.5,16.7,,0,,21.5,27.7,0.3,71.71,Clear
"London, England, United Kingdom",2012-09-02,18.5,12.6,16.1,,0.8,,14.9,20.1,0.3,87.16,Rain
"London, England, United Kingdom",2012-09-03,25,16.3,19.3,,0.4,,8.3,20.5,0.2,70.07,Rain
"London, England, United Kingdom",2012-09-04,25.6,13.8,19,,0,,13.5,22.2,0.2,75.4,Clear
"London, England, United Kingdom",2012-09-05,20.3,12.8,16.3,,0,,18,24.1,0,58.02,Clear
"London, England, United Kingdom",2012-09-06,21.1,9.3,15.6,,0,,15.1,22,0.2,66.86,Clear
"London, England, United Kingdom",2012-09-07,26.3,11.5,18.2,,0,,15.9,21.7,0,62.95,Clear
"London, England, United Kingdom",2012-09-08,27.6,10.5,18.4,,0,,12.5,25.6,0.1,62.76,Clear
"London, England, United Kingdom",2012-09-09,28.1,11.8,18.8,,0,,26.2,23.3,0.1,66.9,Clear
"London, England, United Kingdom",2012-09-10,20.6,17.1,18.5,,0.25,,29.8,29,0.4,77.04,Rain
"London, England, United Kingdom",2012-09-11,18.8,11.6,15.9,,0.8,,25,38.1,0.2,60.66,Rain
"London, England, United Kingdom",2012-09-12,18.5,8.1,13.2,7.4,0,,22.6,37.5,0.2,72.56,Clear
"London, England, United Kingdom",2012-09-13,18.1,9.1,14.1,7.8,4.09,,19.5,33.7,0.1,66.06,Rain
"London, England, United Kingdom",2012-09-14,21.6,14.3,16.9,,0.3,,28.6,38.8,0.3,66.56,Rain
"London, England, United Kingdom",2012-09-15,21.8,9.8,15.6,9.3,0,,18.6,22.9,0.1,70.49,Clear
"London, England, United Kingdom",2012-09-16,18.6,13.1,15.8,,0,,23.3,32.7,0.2,75.18,Clear
"London, England, United Kingdom",2012-09-17,19.3,13.6,16.1,,0,,22,25.2,0.2,70.25,Clear
"London, England, United Kingdom",2012-09-18,18,10.3,14.2,,1.2,,22.6,32.2,0.1,62.79,Rain
"London, England, United Kingdom",2012-09-19,16.8,7.5,12.2,5.4,0,,19.9,34.4,0.1,63.19,Clear
"London, England, United Kingdom",2012-09-20,17.8,9.3,13.4,8.9,0,,19.4,33.6,0.2,68.62,Clear
"London, England, United Kingdom",2012-09-21,16.3,10.6,13.2,,0.5,,13.7,27.7,0.3,76.07,Rain
"London, England, United Kingdom",2012-09-22,16,7.3,11.8,6.4,1.1,,13.7,35.9,0.2,66.42,Rain
"London, England, United Kingdom",2012-09-23,12.5,9.5,11.2,8.1,12.23,,25.8,19.4,0.3,85.92,Rain
"London, England, United Kingdom",2012-09-24,15.5,11.6,13.3,,17.79,,34.8,22.1,0.3,88.05,Rain
"London, England, United Kingdom",2012-09-25,16.3,10,12.9,,1.32,,30.1,37.1,0.2,76.49,Rain
"London, England, United Kingdom",2012-09-26,15.6,10.1,12.4,,8,,17,28.1,0.3,88.5,Rain
"London, England, United Kingdom",2012-09-27,17.1,11,13.2,,7.15,,16.9,25.8,0.2,80.29,Rain
"London, England, United Kingdom",2012-09-28,17.5,9.1,12.5,7.8,1.3,,25.9,34,0.2,84.83,Rain
"London, England, United Kingdom",2012-09-29,16.6,8.5,11.6,6.7,0.7,,18.5,31.8,0.1,75.3,Rain
"London, England, United Kingdom",2012-09-30,16.6,6.6,12.4,5,0.3,,27.9,27.2,0.2,80.86,Rain
"London, England, United Kingdom",2012-10-01,16.8,12,14.3,,7.4,,23.5,23.9,0.3,89.91,Rain
"London, England, United Kingdom",2012-10-02,16.8,11.1,13.8,,2.08,,26,26.2,0.3,83.94,Rain
"London, England, United Kingdom",2012-10-03,14.8,9.2,12.5,7.6,6.51,,23.3,35.3,0.2,80.69,Rain
"London, England, United Kingdom",2012-10-04,15.3,7,11.6,5.4,1,,26.1,33.6,0.1,79.03,Rain
"London, England, United Kingdom",2012-10-05,16.1,8.8,12.6,8.1,10.62,,35.1,22,0.4,86.14,Rain
"London, England, United Kingdom",2012-10-06,15.8,7.8,10.7,5.7,13.81,,15.3,26.5,0.1,81.94,Rain
"London, England, United Kingdom",2012-10-07,14.3,5.3,10.1,9.4,0.3,,6.7,15.5,0.2,86.87,Rain
"London, England, United Kingdom",2012-10-08,12.3,10.5,11.8,,5.3,,13.6,12.5,0.3,91.94,Rain
"London, England, United Kingdom",2012-10-09,15.1,9.3,11.8,7.6,1.2,,14.2,22.5,0.3,80.55,Rain
"London, England, United Kingdom",2012-10-10,14.4,7.1,11.3,6,0,,12.3,30.5,0.2,71.97,Clear
"London, England, United Kingdom",2012-10-11,15.1,9.4,12.8,7.5,4.31,,21,13.4,0.3,89.23,Rain
"London, England, United Kingdom",2012-10-12,14.3,8.8,11.7,7.6,1,,28.9,43.5,0.2,73.58,Rain
"London, England, United Kingdom",2012-10-13,12.3,6.3,8.9,4.2,0.78,,16.4,32.9,0.2,84.95,Rain
"London, England, United Kingdom",2012-10-14,12.8,3,8.2,3.6,1,,15.9,25.5,0.1,79.45,Rain
"London, England, United Kingdom",2012-10-15,13.1,4.3,9.4,3.7,0.8,,23.7,26.5,0.2,85.33,Rain
"London, England, United Kingdom",2012-10-16,15.1,9.1,12,7.9,2.99,,34.5,27,0.2,73.41,Rain
"London, England, United Kingdom",2012-10-17,17.1,10,13.4,,7.62,,27.7,23.2,0.3,81.53,Rain
"London, England, United Kingdom",2012-10-18,16.6,12.3,14.1,,6.7,,23.2,31.8,0.3,83.59,Rain
"London, England, United Kingdom",2012-10-19,13.5,12,12.6,,7.11,,13.2,13.3,0.4,95.38,Rain
"London, England, United Kingdom",2012-10-20,14.3,9.8,12,,0.8,,10.6,12.3,0.3,90.22,Rain
"London, England, United Kingdom",2012-10-21,12.8,10.3,11.6,,6.9,,18.1,15.3,0.3,93.28,Rain
"London, England, United Kingdom",2012-10-22,15.1,12.3,14,,0.7,,11,3.1,0.2,97.89,Rain
"London, England, United Kingdom",2012-10-23,14,12.5,13.5,,0.3,,12.9,2.7,0.2,95.2,Rain
"London, England, United Kingdom",2012-10-24,16.5,13.3,14.6,,0.2,,16.8,3.3,0.2,90,Rain
"London, England, United Kingdom",2012-10-25,13.8,10.3,12.6,,0.5,,24,17.5,0.3,88.95,Rain
"London, England, United Kingdom",2012-10-26,10.1,4.3,8.3,-0.5,1.84,,26.9,33.4,0.4,77.1,Rain
"London, England, United Kingdom",2012-10-27,8.3,2.8,5.2,-2.1,1,,28.5,36.7,0.3,78.62,Rain
"London, England, United Kingdom",2012-10-28,9.3,1.5,6,-0.9,1.2,,17.5,25.3,0.3,88.41,Rain
"London, England, United Kingdom",2012-10-29,12.6,7.6,9.8,5.7,3.5,,20.6,26.5,0.3,88.9,Rain
"London, England, United Kingdom",2012-10-30,11.3,5.3,8,3.6,1,,14.6,23.3,0.2,83.4,Rain
"London, England, United Kingdom",2012-10-31,12.6,6.8,10,4.7,0.7,,31.3,31.1,0.4,78.59,Rain
"London, England, United Kingdom",2012-11-01,11.8,4.3,7.8,1.1,12.49,,28.1,34.6,0.2,84.88,Rain
"London, England, United Kingdom",2012-11-02,10.1,4.8,7.1,1.3,1.26,,26,41.1,0.1,76.59,Rain
"London, England, United Kingdom",2012-11-03,10.1,3.5,6.6,1.7,0.97,,32.7,32.5,0.1,79.47,Rain
"London, England, United Kingdom",2012-11-04,9.3,3.3,5.5,1,15.18,,31.6,20,0.3,92.04,Rain
"London, England, United Kingdom",2012-11-05,9.6,3.1,6.7,3.1,0.2,,16.9,16.5,0.1,82.64,Rain
"London, England, United Kingdom",2012-11-06,10,1.1,6.1,-0.7,0.7,,19.9,18,0.2,87.61,Rain
"London, England, United Kingdom",2012-11-07,10.3,5.1,8.3,3,0.32,,23.1,21.8,0.2,85.7,Rain
"London, England, United Kingdom",2012-11-08,12.6,7.6,10.1,5.1,0.26,,17.9,40.3,0.2,78.1,Rain
"London, England, United Kingdom",2012-11-09,11.8,8.3,9.8,6.9,0,,19.8,31.4,0.3,79,Clear
"London, England, United Kingdom",2012-11-10,10.6,5.6,9,3.7,3.51,,16.9,22.4,0.2,90.93,Rain
"London, England, United Kingdom",2012-11-11,10,2.3,5.7,1.4,0.2,,12.9,19.3,0.1,88.87,Rain
"London, England, United Kingdom",2012-11-12,12.1,5,9,3.9,1.81,,18.7,15,0.4,92.07,Rain
"London, England, United Kingdom",2012-11-13,15.1,9.9,12.7,8.2,0.8,,18.3,16.9,0.3,86.7,Rain
"London, England, United Kingdom",2012-11-14,12.7,7.8,10.9,7.2,0.2,,10.5,16.7,0.1,84.73,Rain
"London, England, United Kingdom",2012-11-15,9.3,6.6,7.7,5.2,0.2,,8,5.3,0.2,90.32,Rain
"London, England, United Kingdom",2012-11-16,9.6,6.3,7.8,4.7,0.3,,13.5,4.2,0.2,90.54,Rain
"London, England, United Kingdom",2012-11-17,12.6,8.8,10.9,7.5,2.2,,15.8,21.2,0.3,86.97,Rain
"London, England, United Kingdom",2012-11-18,9.8,2.3,5.8,2.5,0.4,,8,26.6,0.1,81.4,Rain
"London, England, United Kingdom",2012-11-19,11.5,4.3,8.7,2.1,0.25,,26.9,29,0.3,80.86,Rain
"London, England, United Kingdom",2012-11-20,13.8,11.1,12.4,,3.32,,28.2,16.6,0.4,90.02,Rain
"London, England, United Kingdom",2012-11-21,12,6.1,9.5,3.6,7.11,,39,19.9,0.3,90.67,Rain
"London, England, United Kingdom",2012-11-22,13.6,6.6,11.4,4.1,1.13,,39.6,23.2,0.4,80.9,Rain
"London, England, United Kingdom",2012-11-23,11.1,5.6,8,3.7,11.91,,30,26.9,0.2,88.98,Rain
"London, England, United Kingdom",2012-11-24,10.1,4.3,7.4,4.2,5.41,,22.1,7.9,0.2,97.36,Rain
"London, England, United Kingdom",2012-11-25,12.5,7.6,10.4,3,2.52,,47.7,31.5,0.3,80.55,Rain
"London, England, United Kingdom",2012-11-26,11,7.3,8.8,5.3,7.74,,22.8,22.2,0.3,90.29,Rain
"London, England, United Kingdom",2012-11-27,8.8,6.8,7.8,3.3,5,,28,20,0.4,89.86,Rain
"London, England, United Kingdom",2012-11-28,7.3,4,6.4,0.3,3.8,,22.1,35.3,0.3,82.13,Rain
"London, England, United Kingdom",2012-11-29,6.1,2.3,3.9,-0.9,0.2,,17.4,28.3,0.1,81.12,Rain
"London, England, United Kingdom",2012-11-30,4.6,-0.5,2.1,-2.7,0.2,,8.9,13.1,0.2,86.7,Rain
"London, England, United Kingdom",2012-12-01,6.1,-1.4,1.9,-3.2,0.3,,17,15.6,0.2,88.17,Rain
"London, England, United Kingdom",2012-12-02,5.1,-1.7,1.6,-4.3,0.3,,11.4,25.1,0.1,84.64,Rain
"London, England, United Kingdom",2012-12-03,10.5,3.6,7.1,0.9,6.39,,22.6,23.3,0.3,87.25,Rain
"London, England, United Kingdom",2012-12-04,8.1,1.5,4.6,-1.9,0,,25.6,31.2,0.1,81.56,Clear
"London, England, United Kingdom",2012-12-05,4.1,-0.7,2.2,-2,0.8,,20.3,23.6,0.1,83.61,Rain
"London, England, United Kingdom",2012-12-06,5,-2.9,1.5,-4.8,0,,24.6,22.1,0.2,83.04,Clear
"London, England, United Kingdom",2012-12-07,6.8,3.1,5.1,-2,5.61,,31.9,38.6,0.3,79.84,Rain
"London, England, United Kingdom",2012-12-08,7.1,3.3,4.9,0.2,0,,19.5,23.5,0.1,81.78,Clear
"London, England, United Kingdom",2012-12-09,9.1,3.8,6.9,0.6,0.2,,25.5,35.7,0.3,80.4,Rain
"London, England, United Kingdom",2012-12-10,5.8,2.3,4.5,0,0,,18.3,33.3,0.1,77.12,Clear
"London, England, United Kingdom",2012-12-11,3.5,-2.4,1.2,-1.4,2,,9.5,7.9,0.1,86.54,Rain
"London, England, United Kingdom",2012-12-12,2.6,-3.7,-0.4,-2.7,0.2,,10.2,10.4,0.1,90.23,Rain
"London, England, United Kingdom",2012-12-13,2,-0.7,0.7,-3.6,0.2,,12.6,7.6,0.2,84.43,Rain
"London, England, United Kingdom",2012-12-14,10.6,2.1,7,-0.9,10.21,,36.9,14.5,0.3,91.43,Rain
"London, England, United Kingdom",2012-12-15,11.3,7.1,8.8,4.5,2.59,,23.7,25.2,0.2,85.38,Rain
"London, England, United Kingdom",2012-12-16,9.8,5.3,7.4,3.2,3.32,,16.1,25.5,0.2,88.71,Rain
"London, England, United Kingdom",2012-12-17,9.1,5.8,7.1,3.4,2.5,,19.4,26.4,0.2,86.4,Rain
"London, England, United Kingdom",2012-12-18,8.3,5.1,6.9,2.4,0,,15.5,20,0.2,84.92,Clear
"London, England, United Kingdom",2012-12-19,7.8,4,6,1.9,3.21,,22.4,11.3,0.3,91.38,Rain
"London, England, United Kingdom",2012-12-20,9.8,6.6,8.4,3.1,31.12,,21.8,15.3,0.3,95.84,Rain
"London, England, United Kingdom",2012-12-21,10,6.6,7.8,4.5,0.2,,17.4,22.6,0.2,91.13,Rain
"London, England, United Kingdom",2012-12-22,13.1,6.3,10.1,4.3,15.31,,24.9,13.8,0.4,95.57,Rain
"London, England, United Kingdom",2012-12-23,13.1,9.5,11.8,8.1,6.09,,29.6,23.6,0.4,85.68,Rain
"London, England, United Kingdom",2012-12-24,12.5,7.8,9.9,5.2,4.31,,35.7,20.4,0.4,90.9,Rain
"London, England, United Kingdom",2012-12-25,9.1,6.8,8.1,3.4,5.6,,26.4,35.4,0.2,89.23,Rain
"London, England, United Kingdom",2012-12-26,10.5,4.8,7.8,1.5,11.96,,30.6,27.5,0.2,88.64,Rain
"London, England, United Kingdom",2012-12-27,8.1,6.5,7.6,3.8,12.41,,29.9,27.8,0.3,84.05,Rain
"London, England, United Kingdom",2012-12-28,12.6,5.6,9.7,3.6,3.5,,30.1,22.4,0.4,88.43,Rain
"London, England, United Kingdom",2012-12-29,12.1,7.5,10.5,3.9,1.5,,37.5,28,0.4,82.33,Rain
"London, England, United Kingdom",2012-12-30,10.8,5.6,7.9,1.2,3,,33.5,33.6,0.2,76.79,Rain
"London, England, United Kingdom",2012-12-31,11.5,9.6,10.9,7.4,4.36,,36.3,20.5,0.5,86.27,Rain
"London, England, United Kingdom",2013-01-01,9.6,4.3,6.5,0.7,4.94,,22.1,37.7,0.1,81.61,Rain
"London, England, United Kingdom",2013-01-02,11,3.1,6.8,0.4,0.5,,18.7,22.8,0.2,91.97,Rain
"London, England, United Kingdom",2013-01-03,11.8,9.8,10.9,7.6,0.26,,18.9,25.2,0.2,90.35,Rain
"London, England, United Kingdom",2013-01-04,11.1,8.6,10,6,0.3,,20.4,29.1,0.2,84.35,Rain
"London, England, United Kingdom",2013-01-05,10.8,8.1,9.4,5.7,0.2,,17.7,20.4,0.2,90.97,Rain
"London, England, United Kingdom",2013-01-06,8.8,7,7.8,5.2,0.26,,13.4,6.2,0.2,95.95,Rain
"London, England, United Kingdom",2013-01-07,9.6,7.1,8.3,5.3,0.8,,17.5,12.7,0.3,90.99,Rain
"London, England, United Kingdom",2013-01-08,11.3,9.1,10.2,7.2,0,,18.7,20,0.2,86.02,Clear
"London, England, United Kingdom",2013-01-09,9.5,2.3,7.6,6.3,4.03,,12,13.1,0.2,88.78,Rain
"London, England, United Kingdom",2013-01-10,3.6,1.5,2.6,-0.8,0.3,,11.3,7.1,0.3,93.26,Rain
"London, England, United Kingdom",2013-01-11,6.4,0.8,3,-0.6,0.3,,8.3,6.4,0.2,92.13,Rain
"London, England, United Kingdom",2013-01-12,5,2,3.9,-1.1,1.8,,23.8,15.7,0.3,82.49,Rain
"London, England, United Kingdom",2013-01-13,4.1,1.5,2.8,-2,0.62,,17.2,19.2,0.2,72.41,Rain
"London, England, United Kingdom",2013-01-14,3.6,-0.2,1.5,-3.2,3.8,,19.3,13.8,0.3,86.67,Rain
"London, England, United Kingdom",2013-01-15,2.6,0.1,1.9,-3.1,0.91,,24.4,19.4,0.2,83.09,Rain
"London, England, United Kingdom",2013-01-16,0.8,-1.7,-0.6,-4.9,0,,8.9,4.2,0.2,88.93,Clear
"London, England, United Kingdom",2013-01-17,3.1,-3.2,0.3,-1.8,0,,12.2,13.7,0.3,81.18,Clear
"London, England, United Kingdom",2013-01-18,1.8,-1.7,-0.4,-7.4,0.3,,22.8,8.2,0.3,84.55,Rain
"London, England, United Kingdom",2013-01-19,1.3,-0.4,0.6,-5.2,1.28,,21.6,8.1,0.3,85.33,Rain
"London, England, United Kingdom",2013-01-20,0.3,-0.9,-0.2,-5.8,1.8,,19.4,5.5,0.2,90.46,Rain
"London, England, United Kingdom",2013-01-21,1.8,-1.7,-0.1,-4.3,3,,8,9.4,0.3,89.02,Rain
"London, England, United Kingdom",2013-01-22,3.3,-3.5,0.8,-5.3,1.01,,25.4,8.9,0.2,87.77,Rain
"London, England, United Kingdom",2013-01-23,3.1,1.8,2.5,-1.9,2.07,,17.9,8.1,0.4,81.29,Rain
"London, England, United Kingdom",2013-01-24,2.8,0.5,2,-2.8,0.7,,19,15,0.3,76.87,Rain
"London, England, United Kingdom",2013-01-25,3.3,-1.3,1.5,-4,0.5,,22.9,17.6,0.3,78.12,Rain
"London, England, United Kingdom",2013-01-26,7.8,2.2,5.3,-1.9,6.41,,27.3,16.1,0.2,86.34,Rain
"London, England, United Kingdom",2013-01-27,10.3,5,8.3,1.8,9.25,,40,24.2,0.3,76.81,Rain
"London, England, United Kingdom",2013-01-28,10.8,3.1,6.9,-0.7,0.5,,40.3,27.7,0.3,84.43,Rain
"London, England, United Kingdom",2013-01-29,13.6,9.8,12,7.4,1.68,,37.2,19.4,0.5,88.37,Rain
"London, England, United Kingdom",2013-01-30,12.8,7.6,10.4,3.9,3.25,,42.4,26.9,0.3,76.7,Rain
"London, England, United Kingdom",2013-01-31,10.1,7.3,9,3.4,1.39,,38.7,22.4,0.3,74.91,Rain
"London, England, United Kingdom",2013-02-01,8.3,4.6,6.4,3.1,6.1,,23.3,26.7,0.3,84.45,Rain
"London, England, United Kingdom",2013-02-02,5.8,2.1,4.6,-1.4,0.2,,25.2,40.4,0.2,69.3,Rain
"London, England, United Kingdom",2013-02-03,9.1,0.3,5.1,-2.4,0,,26.8,35.1,0.3,82.79,Clear
"London, England, United Kingdom",2013-02-04,10.8,6.3,9.2,2.2,0,,31.7,26.5,0.4,70.56,Clear
"London, England, United Kingdom",2013-02-05,6.8,2.3,4.7,-2.5,2.35,,36.9,40,0.3,72.72,Rain
"London, England, United Kingdom",2013-02-06,6.3,3.3,5,-0.8,1.9,,29.2,41,3.6,72.74,Rain
"London, England, United Kingdom",2013-02-07,6,1.5,3.5,-2.2,0.3,,20.6,35.7,0.2,68.6,Rain
"London, England, United Kingdom",2013-02-08,6,1.3,3.7,-0.5,5.19,,18.9,18.1,0.2,75.94,Rain
"London, England, United Kingdom",2013-02-09,4.1,2,3.2,-0.8,1.7,,18.5,19,0.3,83.77,Rain
"London, England, United Kingdom",2013-02-10,5.1,1.1,3.5,-3.7,7.64,,23.4,7.4,0.4,92.68,Rain
"London, England, United Kingdom",2013-02-11,2.1,0.8,1.6,-3.3,16.98,,14.7,4.1,0.3,91.76,Rain
"London, England, United Kingdom",2013-02-12,2.5,1.6,2,-1.8,1.2,,13.1,7.1,0.3,73.63,Rain
"London, England, United Kingdom",2013-02-13,3.3,1.3,2,-3.1,0.7,,19.7,7.1,0.3,70.34,Rain
"London, England, United Kingdom",2013-02-14,11,4.3,8,-0.1,2.21,,26,27.7,0.3,79.93,Rain
"London, England, United Kingdom",2013-02-15,10.6,2.3,6.6,0.5,0.2,,14.7,27.2,0.1,74.85,Rain
"London, England, United Kingdom",2013-02-16,10.3,4.5,7.1,5.4,0.2,,9.2,26.3,0.2,68.43,Rain
"London, England, United Kingdom",2013-02-17,10.8,3.1,5.2,0.8,0,,18,13.3,0.1,82.39,Clear
"London, England, United Kingdom",2013-02-18,7.9,1.8,4.6,0.1,0.2,,17.3,11.3,0.1,81.55,Rain
"London, England, United Kingdom",2013-02-19,10.6,-1.2,4.7,0.5,0.2,,5.9,9.9,0,77.07,Rain
"London, England, United Kingdom",2013-02-20,5.6,2,3.6,-2.7,1,,24.5,15.1,0.2,76.15,Rain
"London, England, United Kingdom",2013-02-21,2.6,1.1,1.9,-3.7,0,,22.3,31.5,0.2,57.84,Clear
"London, England, United Kingdom",2013-02-22,1.8,0.6,1.3,-4.1,0.5,,22.4,35.3,0.3,60.25,Rain
"London, England, United Kingdom",2013-02-23,2.1,0.5,1.4,-4,0,,18,17.6,0.3,66.17,Clear
"London, England, United Kingdom",2013-02-24,2.6,1.1,1.9,-3,0,,20.2,24.8,0.3,68.87,Clear
"London, England, United Kingdom",2013-02-25,4.8,2,3.6,-2.1,0,,24.1,12.9,0.3,79.98,Clear
"London, England, United Kingdom",2013-02-26,5.3,3.1,4.3,-1.2,1.3,,22.8,4.2,0.3,89.05,Rain
"London, England, United Kingdom",2013-02-27,6.8,2.5,4.1,-2,0.3,,19.9,12.4,0.2,79.93,Rain
"London, England, United Kingdom",2013-02-28,8,2.8,4.6,-1.2,0,,20,20,0.3,77.1,Clear
"London, England, United Kingdom",2013-03-01,7,3,5.1,-1.3,0.76,,20.7,20.1,0.3,76.08,Rain
"London, England, United Kingdom",2013-03-02,5,1.6,3.6,0.1,0.2,,15.1,28.7,0.2,69.57,Rain
"London, England, United Kingdom",2013-03-03,8.3,-0.5,4.1,0.9,0,,21.1,18.4,0.2,78.25,Clear
"London, England, United Kingdom",2013-03-04,9.4,2.6,5.1,-0.5,0,,19.3,8,0.1,75.55,Clear
"London, England, United Kingdom",2013-03-05,16.5,2.3,8.8,0.8,0,,12.3,13.9,0.1,72.27,Clear
"London, England, United Kingdom",2013-03-06,13.6,8.3,10.4,7.2,0.2,,12.4,10.9,0.3,69.63,Rain
"London, England, United Kingdom",2013-03-07,9.8,7.6,8.9,6.5,5.41,,12.9,3.2,0.3,91.98,Rain
"London, England, United Kingdom",2013-03-08,10.1,8.4,9.3,6.9,9.39,,10.3,2.8,0.3,95.6,Rain
"London, England, United Kingdom",2013-03-09,8.5,4.1,6.5,1.3,6.09,,12,6.8,0.3,87.39,Rain
"London, England, United Kingdom",2013-03-10,3.8,1.5,2.9,-4,0.2,,26.6,25.6,0.4,79,Rain
"London, England, United Kingdom",2013-03-11,1.3,-1.2,0.1,-8.1,1,,35.4,27.4,0.5,69.46,Rain
"London, England, United Kingdom",2013-03-12,4.5,-1.4,1.4,-8.4,0.5,,35.8,31.6,0.4,60.19,Rain
"London, England, United Kingdom",2013-03-13,7.1,1.6,3.4,-1.8,0.8,,19.1,31.5,0.1,71.24,Rain
"London, England, United Kingdom",2013-03-14,7,-0.2,3.5,-2.6,0.7,,13.3,25.2,0.1,64.02,Rain
"London, England, United Kingdom",2013-03-15,8.8,3.6,6.3,0.5,2.54,,29.9,23.4,0.4,78.24,Rain
"London, England, United Kingdom",2013-03-16,8,6,7,1.8,11.66,,34.8,20.4,0.5,83.57,Rain
"London, England, United Kingdom",2013-03-17,7.6,2.5,5.4,-0.1,13.04,,20.7,23.8,0.3,85.86,Rain
"London, England, United Kingdom",2013-03-18,8,-0.2,4,2.8,10.55,,8.2,11.1,0.3,89.96,Rain
"London, England, United Kingdom",2013-03-19,8.3,3.3,5.1,0.7,4.2,,13.1,12.4,0.2,80.97,Rain
"London, England, United Kingdom",2013-03-20,6.3,2.8,4.3,-0.3,1.06,,13.1,6.5,0.3,82.94,Rain
"London, England, United Kingdom",2013-03-21,6.8,1.3,4.3,-0.9,0.2,,26.7,14.6,0.3,73.33,Rain
"London, England, United Kingdom",2013-03-22,5,2.8,4,-1.9,5.48,,30.8,6.1,0.5,77.86,Rain
"London, England, United Kingdom",2013-03-23,3.3,1.1,1.8,-3.9,9.8,,24.5,4.3,0.3,91.41,Rain
"London, England, United Kingdom",2013-03-24,1.8,0.1,0.9,-5.4,3.1,,22.9,14.7,0.3,77.31,Rain
"London, England, United Kingdom",2013-03-25,2,1,1.5,-4.4,0.2,,26.8,20.8,0.4,63.4,Rain
"London, England, United Kingdom",2013-03-26,2.1,1.1,1.6,-3.8,0,,22.6,19.6,0.4,62.52,Clear
"London, England, United Kingdom",2013-03-27,4.1,0.1,2.1,-3.9,0,,21.5,18.6,0.3,62.45,Clear
"London, England, United Kingdom",2013-03-28,4.6,-0.4,2.4,-3.8,0,,20.5,18.3,0.2,64.38,Clear
"London, England, United Kingdom",2013-03-29,6,0,2.7,-2.8,0,,20.7,30.7,0.2,61.16,Clear
"London, England, United Kingdom",2013-03-30,5.5,1.3,3.2,-2.3,0,,20.1,24.6,0.3,66.14,Clear
"London, England, United Kingdom",2013-03-31,5.3,-0.9,2.4,-2.5,0.3,,17.4,28.6,0.1,66.49,Rain
"London, England, United Kingdom",2013-04-01,6.5,1.1,3.2,-3.2,0.2,,29.8,23.2,0.2,62.56,Rain
"London, England, United Kingdom",2013-04-02,8.6,0.3,4.2,-4.2,0,,31.3,35.1,0,55.51,Clear
"London, England, United Kingdom",2013-04-03,4.6,0.8,3.1,-3,0,,31.7,26.6,0.3,62.87,Clear
"London, England, United Kingdom",2013-04-04,3.5,1.1,2.5,-3.3,0.5,,26,18.6,0.3,72.6,Rain
"London, England, United Kingdom",2013-04-05,8,2.1,4.7,-2.8,0,,28.5,28.3,0.4,60.09,Clear
"London, England, United Kingdom",2013-04-06,10.5,1.1,5.4,-2.4,0.3,,19.7,28.2,0.1,60.85,Rain
"London, England, United Kingdom",2013-04-07,11.1,-0.7,5.3,-0.2,0,,16.9,22.3,0.2,61.67,Clear
"London, England, United Kingdom",2013-04-08,10.8,4.1,6.6,0.4,0,,22.8,14.7,0.3,63.72,Clear
"London, England, United Kingdom",2013-04-09,9.5,4.1,6.6,1.2,1.3,,20.5,8.7,0.3,81.76,Rain
"London, England, United Kingdom",2013-04-10,11.1,3.3,7.2,0.6,1,,19.8,4.7,0.2,77.3,Rain
"London, England, United Kingdom",2013-04-11,12.1,6.3,8.1,3.6,10.39,,19.2,12.1,0.3,89.35,Rain
"London, England, United Kingdom",2013-04-12,12.3,7.3,9.2,4.7,9.82,,22.6,21.3,0.3,86.87,Rain
"London, England, United Kingdom",2013-04-13,11.8,4.8,9.5,3.2,1.23,,24.6,17.9,0.3,86.63,Rain
"London, England, United Kingdom",2013-04-14,20.5,11.8,15.3,,2.01,,34.3,30.8,0.3,69.04,Rain
"London, England, United Kingdom",2013-04-15,16.3,10.6,13,,3,,26.6,21.8,0.3,71.81,Rain
"London, England, United Kingdom",2013-04-16,17.3,10,12.9,,0.4,,31.5,21.7,0.3,68.77,Rain
"London, England, United Kingdom",2013-04-17,18.1,9.8,13.7,8.3,1,,34.6,20.4,0.3,76.08,Rain
"London, England, United Kingdom",2013-04-18,14.8,8.3,10.9,5,3,,38,27.7,0.3,62.95,Rain
"London, England, United Kingdom",2013-04-19,12.5,6.1,9.6,4.2,0,,20.7,32.3,0.2,68.59,Clear
"London, England, United Kingdom",2013-04-20,13.8,4,8.3,3.6,0.3,,16.3,30.5,0,64.14,Rain
"London, England, United Kingdom",2013-04-21,14.8,2.1,8.7,5.5,0,,23.6,27.8,0.1,63.79,Clear
"London, England, United Kingdom",2013-04-22,14.8,7.1,10.7,5.3,0.2,,25.2,22.9,0.3,73.74,Rain
"London, England, United Kingdom",2013-04-23,20.6,10.1,15,,0,,17.9,24,0.1,67.62,Clear
"London, England, United Kingdom",2013-04-24,19.8,9.8,15,8.5,0,,21.2,22,0.2,74.07,Clear
"London, England, United Kingdom",2013-04-25,22.5,11.3,16.3,,0.7,,28.6,16.6,0.2,70.94,Rain
"London, England, United Kingdom",2013-04-26,13.8,7,10.3,4.9,4.3,,23.3,30.4,0.2,60.67,Rain
"London, England, United Kingdom",2013-04-27,11.1,4.6,7.5,2.7,0.72,,25.9,34.5,0.2,68.63,Rain
"London, England, United Kingdom",2013-04-28,11.8,2,8,3,1.5,,24.7,32.6,0.2,62.53,Rain
"London, England, United Kingdom",2013-04-29,14,7.8,10.7,5.3,0.28,,24.3,34.5,0.2,57.71,Rain
"London, England, United Kingdom",2013-04-30,14.5,6.6,10.1,4.2,0,,20.6,33.9,0.1,60.37,Clear
"London, England, United Kingdom",2013-05-01,17.1,4.8,10.3,,0,,0.1,27.2,0.2,60.25,Clear
"London, England, United Kingdom",2013-05-02,17.6,6,11.8,,0,,0.1,41.9,0,41.38,Clear
"London, England, United Kingdom",2013-05-03,20.6,5.1,12.9,,0,,0.2,32.6,0.1,55.7,Clear
"London, England, United Kingdom",2013-05-04,17.1,8.3,12.6,,0.4,,0.2,39.4,0.4,62.97,Rain
"London, England, United Kingdom",2013-05-05,18.1,7.1,13.7,,0,,0.1,33.3,0.5,67.51,Clear
"London, England, United Kingdom",2013-05-06,21.6,10.6,16.2,,0,,0.1,30.4,0.3,60.74,Clear
"London, England, United Kingdom",2013-05-07,20.6,9.3,15.5,,0,,0.1,30.6,0.1,58.91,Clear
"London, England, United Kingdom",2013-05-08,17,10.6,13.9,,1.21,,0.1,25.5,0.5,75.85,Rain
"London, England, United Kingdom",2013-05-09,14.8,7.6,11.1,,1,,0.2,25.3,0.3,71.43,Rain
"London, England, United Kingdom",2013-05-10,17.5,9.6,12.9,,1.6,,0.2,28.6,0.5,70.72,Rain
"London, England, United Kingdom",2013-05-11,13.6,6.8,10.1,,10.84,,0.2,34.3,0.5,76.74,Rain
"London, England, United Kingdom",2013-05-12,15.6,6.3,10.5,,3.8,,0.1,29.3,0.4,75.73,Rain
"London, England, United Kingdom",2013-05-13,14.6,7.2,11.9,,0.9,,0.2,31.5,0.5,66.38,Rain
"London, England, United Kingdom",2013-05-14,11.8,7.5,9.4,,3.81,,0.2,18.4,0.6,79.93,Rain
"London, England, United Kingdom",2013-05-15,14.5,6.6,9.4,,7.61,,0.2,35,0.5,70.35,Rain
"London, England, United Kingdom",2013-05-16,16.1,4.3,10.3,,0.4,,0.1,23.8,0.2,72.65,Rain
"London, England, United Kingdom",2013-05-17,11.8,7.8,10.4,,5.4,,0.1,25.8,0.5,73.87,Rain
"London, England, United Kingdom",2013-05-18,15.1,9.6,12.3,,0.2,,0.1,29.1,0.6,64.47,Rain
"London, England, United Kingdom",2013-05-19,18.5,9.6,13.9,,0,,0.1,18.5,0.4,68.66,Clear
"London, England, United Kingdom",2013-05-20,17.3,12.3,14.8,,0.2,,0.1,9.2,0.6,81.73,Rain
"London, England, United Kingdom",2013-05-21,16.6,11.8,13.5,,0.6,,0.1,16.5,0.6,76.33,Rain
"London, England, United Kingdom",2013-05-22,14.6,9.3,11.6,,0.4,,0.1,27.8,0.5,67.84,Rain
"London, England, United Kingdom",2013-05-23,11.1,6.6,8.6,,0.9,,0.2,40.3,0.4,62.69,Rain
"London, England, United Kingdom",2013-05-24,8.1,5.8,7.2,,9.58,,0.2,27.1,0.6,84.16,Rain
"London, England, United Kingdom",2013-05-25,15.5,5.8,10.6,,4,,0.1,31.9,0.3,65.31,Rain
"London, England, United Kingdom",2013-05-26,19.3,6,13.4,,0,,0.1,36.6,0.2,53.16,Clear
"London, England, United Kingdom",2013-05-27,18,6.8,13.1,,0,,0.2,33.2,0.2,56.79,Clear
"London, England, United Kingdom",2013-05-28,12.8,9.8,11.3,,14.41,,0.1,17.3,0.6,86.34,Rain
"London, England, United Kingdom",2013-05-29,13.1,8.8,11.3,,0.8,,0.1,16.4,0.6,86.02,Rain
"London, England, United Kingdom",2013-05-30,15.3,11.2,12.9,,7.89,,9.4,13.2,3.9,84.83,Rain
"London, England, United Kingdom",2013-05-31,22.6,11.5,16.5,,0.2,,0.1,20.6,0.5,69.83,Rain
"London, England, United Kingdom",2013-06-01,18.5,11.3,14.6,,0,,0.1,39.5,0.4,62.5,Clear
"London, England, United Kingdom",2013-06-02,20.1,10.6,14.9,,0,,0.1,38.4,0.2,56.92,Clear
"London, England, United Kingdom",2013-06-03,20.1,8,14,,0,,0.1,36.3,0.1,63.38,Clear
"London, England, United Kingdom",2013-06-04,21,8.1,14.9,,0,,0.2,42.2,0.1,57.05,Clear
"London, England, United Kingdom",2013-06-05,20.6,9.1,14.1,,0,,0.1,32.6,0.3,69.22,Clear
"London, England, United Kingdom",2013-06-06,21.7,9,15.3,,0,,16.6,30.6,0.2,65.14,Clear
"London, England, United Kingdom",2013-06-07,20.1,10.2,15.3,,1.03,,0.1,31.9,0.3,64.28,Rain
"London, England, United Kingdom",2013-06-08,17.5,9.6,13.3,,0,,22.6,34.7,3.3,67.55,Clear
"London, England, United Kingdom",2013-06-09,14.3,10.8,12.4,,0,,0.1,41.8,0.7,69.76,Clear
"London, England, United Kingdom",2013-06-10,14.8,10.8,12.5,,0,,0.1,34.8,0.6,66.15,Clear
"London, England, United Kingdom",2013-06-11,17.1,9.9,14.3,8,1.4,,13,20.1,4.3,80.78,Rain
"London, England, United Kingdom",2013-06-12,17.3,14.6,15.9,,1.05,,0.2,22.9,0.6,84.75,Rain
"London, England, United Kingdom",2013-06-13,18.3,12.6,14.8,,1.2,,0.2,28.3,0.5,73.71,Rain
"London, England, United Kingdom",2013-06-14,19.3,9.6,14.6,,1.8,,0.2,31.3,0.4,67.86,Rain
"London, England, United Kingdom",2013-06-15,16.6,11.1,14,,10.38,,0.2,28.9,0.4,74.73,Rain
"London, England, United Kingdom",2013-06-16,17.8,11.5,14.5,,0.4,,0.1,29.8,0.5,69.26,Rain
"London, England, United Kingdom",2013-06-17,20.8,13.3,16.8,,0.2,,0.1,30.8,0.5,64.3,Rain
"London, England, United Kingdom",2013-06-18,20.8,13.8,17.4,,0,,13.8,15.7,3.9,77.9,Clear
"London, England, United Kingdom",2013-06-19,26.1,16.1,20.5,,0.8,,0.1,14.4,0.4,74.48,Rain
"London, England, United Kingdom",2013-06-20,21.1,16.3,18.4,,0.2,,0.1,9.4,0.5,78.86,Rain
"London, England, United Kingdom",2013-06-21,20.8,14.5,17.2,,0.2,,0.1,19.3,0.5,80.05,Rain
"London, England, United Kingdom",2013-06-22,18.3,12,14.7,,3,,0.2,23.6,0.6,79.49,Rain
"London, England, United Kingdom",2013-06-23,16.6,12.5,14.9,,0.8,,0.2,37.3,0.5,75.63,Rain
"London, England, United Kingdom",2013-06-24,16.1,10.8,13.7,,1.2,,0.1,41.7,0.6,65.53,Rain
"London, England, United Kingdom",2013-06-25,19,12,15.8,,0,,0.1,37,0.4,55.07,Clear
"London, England, United Kingdom",2013-06-26,20.8,10.5,16.6,,0,,0.1,31.8,0.4,62.61,Clear
"London, England, United Kingdom",2013-06-27,19.3,12.6,15.5,,0.4,,0.1,26.3,0.4,68.9,Rain
"London, England, United Kingdom",2013-06-28,20.3,12.8,16.4,,2,,0.2,21.6,0.6,86.28,Rain
"London, England, United Kingdom",2013-06-29,21.5,13.8,17.6,,0,,0.1,37.5,0.5,58.9,Clear
"London, England, United Kingdom",2013-06-30,25.8,15.3,20.1,,0,,0.2,28.8,0.2,66.25,Clear
"London, England, United Kingdom",2013-07-01,20.3,14.1,16.9,,0,,0.1,32.7,0.3,62.08,Clear
"London, England, United Kingdom",2013-07-02,18.3,12.3,15.3,,0.2,,0.2,23.2,0.6,71.28,Rain
"London, England, United Kingdom",2013-07-03,20,14.6,17.2,,2.41,,0.1,35.7,0.6,77.65,Rain
"London, England, United Kingdom",2013-07-04,23.3,13,18.3,,0,,0.2,27.9,0.4,74.11,Clear
"London, England, United Kingdom",2013-07-05,25,13,19.5,,0.2,,0.1,23.7,0.1,63.21,Rain
"London, England, United Kingdom",2013-07-06,27,14.6,20.8,,0,,0.1,24.5,0,61.15,Clear
"London, England, United Kingdom",2013-07-07,27.8,15.6,21.9,,0,,0.1,19.5,0,64.5,Clear
"London, England, United Kingdom",2013-07-08,25.6,15.6,20.6,,0,,0.1,25.2,0,63.31,Clear
"London, England, United Kingdom",2013-07-09,26.3,12.3,18.9,,0,,0.1,35,0,56.03,Clear
"London, England, United Kingdom",2013-07-10,23.8,13.2,18.6,,0,,0.2,29,0.1,62.55,Clear
"London, England, United Kingdom",2013-07-11,22.5,12.3,16.1,,0,,0.1,35.8,0.3,62.9,Clear
"London, England, United Kingdom",2013-07-12,24.3,12.3,17.9,,7,,0.1,26.1,0.3,68.46,Rain
"London, England, United Kingdom",2013-07-13,29.8,15.3,23.1,,0,,0.1,20.2,0.1,65.52,Clear
"London, England, United Kingdom",2013-07-14,28.3,17.6,23.5,,0,,0.1,23.4,0.2,58.66,Clear
"London, England, United Kingdom",2013-07-15,29.8,18.6,24.5,,0,,0.1,33.4,0.2,41.09,Clear
"London, England, United Kingdom",2013-07-16,29.5,18,24.2,,0,,0.1,26.6,0.3,55.1,Clear
"London, England, United Kingdom",2013-07-17,31.1,17.6,24.5,,0,,0.1,25.6,0.1,51.79,Clear
"London, England, United Kingdom",2013-07-18,28.3,18.3,22.6,,0,,0.1,25.1,0,57.42,Clear
"London, England, United Kingdom",2013-07-19,27.8,16.3,22.1,,0,,0.2,30.1,0,55.89,Clear
"London, England, United Kingdom",2013-07-20,23.3,16.8,19.7,,0,,0.1,28.1,0.5,71.61,Clear
"London, England, United Kingdom",2013-07-21,26.5,17.1,20.7,,0,,0.1,16.3,0.4,70.01,Clear
"London, England, United Kingdom",2013-07-22,32.8,18,24.9,,0.6,,0.1,19.6,0.2,61.18,Rain
"London, England, United Kingdom",2013-07-23,27.3,19.1,22.8,,4.15,,0.1,21.1,0.4,75.16,Rain
"London, England, United Kingdom",2013-07-24,26.3,15.8,21,,0,,0.1,24.9,0.2,67.01,Clear
"London, England, United Kingdom",2013-07-25,25.3,16.8,20.7,,7.2,,0.2,26.4,0.4,72.78,Rain
"London, England, United Kingdom",2013-07-26,26.5,15.3,21.1,,0.2,,0.1,30,0.3,60.23,Rain
"London, England, United Kingdom",2013-07-27,27.5,15,20.7,,0.94,,0.1,25.1,0.3,67.62,Rain
"London, England, United Kingdom",2013-07-28,23.5,15.3,19.5,,7.82,,0.2,28.8,0.4,72.09,Rain
"London, England, United Kingdom",2013-07-29,22.6,16.3,19.2,,4.99,,0.2,25,0.3,74.09,Rain
"London, England, United Kingdom",2013-07-30,21.3,15.8,17.8,,5.78,,0.1,19.7,0.4,85.18,Rain
"London, England, United Kingdom",2013-07-31,24.1,16.8,19.8,,0.8,,0.2,28,0.6,78.48,Rain
"London, England, United Kingdom",2013-08-01,32.6,17,25.4,,0,,0.2,29.3,0.1,62.57,Clear
"London, England, United Kingdom",2013-08-02,25,17.6,20.8,,1.78,,0.2,27.1,0.3,71.01,Rain
"London, England, United Kingdom",2013-08-03,23.8,15.5,19,,2.42,,0.2,28.7,0.2,70.32,Rain
"London, England, United Kingdom",2013-08-04,23.3,14.8,19.1,,0.2,,0.2,29.4,0.3,69.02,Rain
"London, England, United Kingdom",2013-08-05,23.1,16,18.9,,9.67,,0.2,27.7,0.4,77.35,Rain
"London, England, United Kingdom",2013-08-06,22.5,12,17.6,,0.83,,0.1,30.7,0.2,67.45,Rain
"London, England, United Kingdom",2013-08-07,21.5,15.5,18.5,,0,,0.1,29.6,0.3,62.17,Clear
"London, England, United Kingdom",2013-08-08,24.5,12,18.6,,0,,0.1,27.5,0.2,62.32,Clear
"London, England, United Kingdom",2013-08-09,24.3,15.6,19.5,,1.99,,0.1,34.8,0.5,66.83,Rain
"London, England, United Kingdom",2013-08-10,22.1,14.6,18.1,,0,,0.1,40.6,0.5,56.57,Clear
"London, England, United Kingdom",2013-08-11,23.3,15.8,18.9,,0,,0.2,41.5,0.4,61.34,Clear
"London, England, United Kingdom",2013-08-12,20.6,13.8,17.3,,0,,0.2,42,0.4,60.27,Clear
"London, England, United Kingdom",2013-08-13,20,11.6,15.5,,0.53,,0.1,37.6,0.3,70.84,Rain
"London, England, United Kingdom",2013-08-14,22.3,11,17,,0.4,,0.1,25.3,0.3,78.36,Rain
"London, England, United Kingdom",2013-08-15,24.1,17,19.9,,2.41,,0.2,27.8,0.4,78.07,Rain
"London, England, United Kingdom",2013-08-16,22.1,17.1,18.9,,1,,0.1,23.1,0.4,82.96,Rain
"London, England, United Kingdom",2013-08-17,20.6,14.3,17.3,,0.8,,0.2,22.4,0.5,81,Rain
"London, England, United Kingdom",2013-08-18,22.6,16.1,19.1,,0.98,,0.2,36.8,0.4,72.12,Rain
"London, England, United Kingdom",2013-08-19,22.3,13,18.1,,0.8,,0.1,41.4,0.2,58.71,Rain
"London, England, United Kingdom",2013-08-20,24,12.1,18.6,,0,,0.1,36,0.3,59.95,Clear
"London, England, United Kingdom",2013-08-21,26,13.1,19.7,,0,,0.1,29.2,0.2,63.49,Clear
"London, England, United Kingdom",2013-08-22,21.2,16.6,18.4,,5.99,,0.1,20.7,0.4,91.39,Rain
"London, England, United Kingdom",2013-08-23,26.5,16.6,21,,0.2,,0.1,15.2,0.3,74.24,Rain
"London, England, United Kingdom",2013-08-24,19.6,14.6,17.8,,13.85,,0.1,8.1,0.6,89.84,Rain
"London, England, United Kingdom",2013-08-25,23.1,13.1,17.8,,11.14,,10,16.7,0.3,82.42,Rain
"London, England, United Kingdom",2013-08-26,24.6,16,19.8,,0.2,,0.1,23.6,0.2,67.56,Rain
"London, England, United Kingdom",2013-08-27,23.1,13.1,17.8,,0,,0.1,24.1,0.2,64.67,Clear
"London, England, United Kingdom",2013-08-28,23.8,12.8,18.3,,0,,0.1,22,0.2,60.97,Clear
"London, England, United Kingdom",2013-08-29,23.5,14.6,19,,0,,0.1,26.5,0.3,47.56,Clear
"London, England, United Kingdom",2013-08-30,24.6,15.3,19.6,,0,,0.2,38.8,0.3,56.59,Clear
"London, England, United Kingdom",2013-08-31,20.1,14.5,17.2,,0,,0.1,33.1,0.2,54.47,Clear
"London, England, United Kingdom",2013-09-01,21.3,10.8,16,,0,,0.1,35.1,0.2,57.56,Clear
"London, England, United Kingdom",2013-09-02,25.3,12.3,18.8,,0,,0.1,36.8,0.1,64.8,Clear
"London, England, United Kingdom",2013-09-03,24.6,14.5,19.5,,0,,0.1,30.9,0.2,70.57,Clear
"London, England, United Kingdom",2013-09-04,27.6,14.6,20.3,,0,,0.1,22.4,0,67.31,Clear
"London, England, United Kingdom",2013-09-05,28.8,16,21.9,,0.2,,0.1,16.9,0.1,62.18,Rain
"London, England, United Kingdom",2013-09-06,18.1,13.6,15.9,,1.01,,0.1,25.2,0.4,73.8,Rain
"London, England, United Kingdom",2013-09-07,17.8,11.3,14.4,,5.12,,0.2,45.8,0.3,68.58,Rain
"London, England, United Kingdom",2013-09-08,17.1,9.6,12.7,,2.88,,0.1,37.3,0.2,74.2,Rain
"London, England, United Kingdom",2013-09-09,13.6,9,11.6,,5.61,,0.1,22.5,0.5,87.6,Rain
"London, England, United Kingdom",2013-09-10,17.1,9.6,13.2,,1.65,,0.1,29,0.4,72.16,Rain
"London, England, United Kingdom",2013-09-11,16.6,12.8,14.3,,1.18,,0.1,33.2,0.5,72.42,Rain
"London, England, United Kingdom",2013-09-12,18.1,12.8,15,,1.98,,0.1,24.2,0.6,84.81,Rain
"London, England, United Kingdom",2013-09-13,17.8,14.1,16.3,,4.81,,0.1,7.8,0.6,94.34,Rain
"London, England, United Kingdom",2013-09-14,14.1,9.5,11.8,,25.35,,0.1,19.3,0.5,83.28,Rain
"London, England, United Kingdom",2013-09-15,15.5,6.8,11.9,,2.25,,0.2,23.3,0.3,82.31,Rain
"London, England, United Kingdom",2013-09-16,14.3,8.3,11.4,,1.47,,0.2,36,0.1,62.06,Rain
"London, England, United Kingdom",2013-09-17,13.9,8.3,11.4,,5.18,,0.1,24.7,0.4,82.32,Rain
"London, England, United Kingdom",2013-09-18,15.8,10.6,13.1,,5.66,,0.1,35,0.4,71.92,Rain
"London, England, United Kingdom",2013-09-19,15.7,8.1,12.1,,1.56,,0.2,31.4,0.3,83.33,Rain
"London, England, United Kingdom",2013-09-20,18.6,9.4,13.8,,0.2,,0.1,32.9,0.4,73.03,Rain
"London, England, United Kingdom",2013-09-21,18.1,10.6,15,,0,,0.1,15.4,0.5,82.38,Clear
"London, England, United Kingdom",2013-09-22,18.7,13.6,16.8,,0.4,,0.1,25.2,0.5,88.25,Rain
"London, England, United Kingdom",2013-09-23,20,13.1,16.1,,0.4,,0.1,14.9,0.4,83.72,Rain
"London, England, United Kingdom",2013-09-24,21.8,12,16,,0.4,,0.1,6,0.2,80.14,Rain
"London, England, United Kingdom",2013-09-25,21.1,14.1,17.3,,0.4,,0.1,4.8,0.4,79.14,Rain
"London, England, United Kingdom",2013-09-26,19.5,13.8,15.9,,1.05,,0.1,25.6,0.4,72.06,Rain
"London, England, United Kingdom",2013-09-27,17.3,11.3,14.1,,0.2,,0.1,27.2,0.2,72.53,Rain
"London, England, United Kingdom",2013-09-28,18.6,13,15.5,,0.2,,0.1,16.3,0.4,73.09,Rain
"London, England, United Kingdom",2013-09-29,17.8,13.6,15.4,,0.31,,0.2,21.5,0.5,72.49,Rain
"London, England, United Kingdom",2013-09-30,19.3,13.1,15.7,,0,,0.1,21.4,0.3,72.3,Clear
"London, England, United Kingdom",2013-10-01,17.6,12.3,15,,0.2,,0.1,13.3,0.5,74.29,Rain
"London, England, United Kingdom",2013-10-02,19.4,13.6,15.9,,0.4,,0.1,12.4,0.5,84.5,Rain
"London, England, United Kingdom",2013-10-03,18.6,14.1,16.4,,1.38,,0.1,10.2,0.4,89.17,Rain
"London, England, United Kingdom",2013-10-04,21.3,15.5,17.9,,3.44,,0.2,28.3,0.4,81.43,Rain
"London, England, United Kingdom",2013-10-05,18.1,13.8,15.8,,0,,0.1,28.1,0.5,79.97,Clear
"London, England, United Kingdom",2013-10-06,19.8,9.6,14.2,,0.4,,0.1,25.1,0.2,74.13,Rain
"London, England, United Kingdom",2013-10-07,18.8,10.3,14.8,,0.4,,0.1,19.5,0.4,81.19,Rain
"London, England, United Kingdom",2013-10-08,20.1,13.4,16.7,,0,,0.1,28.4,0.5,81.34,Clear
"London, England, United Kingdom",2013-10-09,16.6,8.8,13.8,,0.2,,0.2,36.5,0.4,71.15,Rain
"London, England, United Kingdom",2013-10-10,12.1,7.8,9.7,,0.3,,0.2,41.5,0.4,61.33,Rain
"London, England, United Kingdom",2013-10-11,13.5,8.8,11.5,,9.35,,0.2,19.6,0.5,81.12,Rain
"London, England, United Kingdom",2013-10-12,14.8,8.6,11.6,,8.1,,0.2,24.3,0.4,78.16,Rain
"London, England, United Kingdom",2013-10-13,11.8,9.1,10.4,,14.14,,0.2,13.6,0.5,88.97,Rain
"London, England, United Kingdom",2013-10-14,11.5,8.8,9.9,,4.03,,0.1,15.3,0.5,85.64,Rain
"London, England, United Kingdom",2013-10-15,13,8.6,10.7,,1.2,,0.1,13.1,0.4,80.77,Rain
"London, England, United Kingdom",2013-10-16,15.1,7.1,10.9,,6.12,,0.2,14.4,0.3,85.09,Rain
"London, England, United Kingdom",2013-10-17,17.8,11.8,14,,0.48,,0.2,26.5,0.2,81.27,Rain
"London, England, United Kingdom",2013-10-18,17.5,10.8,13.8,,0.4,,0.1,15.3,0.5,86.67,Rain
"London, England, United Kingdom",2013-10-19,18.1,13.3,15.2,,2.19,,0.1,21.6,0.4,86.57,Rain
"London, England, United Kingdom",2013-10-20,17.5,12.3,14.2,,6.79,,0.1,24.6,0.2,85.51,Rain
"London, England, United Kingdom",2013-10-21,18,13.1,16,,2.59,,0.1,26.8,0.3,83.52,Rain
"London, England, United Kingdom",2013-10-22,18.5,13.7,16.7,,2.82,,0.2,22.9,0.4,82.74,Rain
"London, England, United Kingdom",2013-10-23,16.8,10.3,14.4,,9.41,,0.2,30.1,0.2,75.49,Rain
"London, England, United Kingdom",2013-10-24,17.1,7.1,12.1,,0.6,,0.1,26.7,0.2,79.72,Rain
"London, England, United Kingdom",2013-10-25,19.1,13.3,16,,2.21,,0.1,21.1,0.3,81.65,Rain
"London, England, United Kingdom",2013-10-26,17.1,14.5,15.5,,5.22,,0.2,26.1,0.2,80.51,Rain
"London, England, United Kingdom",2013-10-27,16.3,11.6,13.9,,10.49,,0.3,22.5,0.3,76.76,Rain
"London, England, United Kingdom",2013-10-28,16.1,8.7,12.7,,29.87,,0.4,31.7,0.3,77.29,Rain
"London, England, United Kingdom",2013-10-29,12.8,7.1,9.4,,0,,0.2,38.4,0.1,72.94,Clear
"London, England, United Kingdom",2013-10-30,13.8,4.3,9.8,,0.2,,0.2,29.5,0.2,77.66,Rain
"London, England, United Kingdom",2013-10-31,13.6,11.6,12.7,,3.5,,0.2,20.3,0.6,85.75,Rain
"London, England, United Kingdom",2013-11-01,14.1,11.6,12.7,,2.8,,0.1,25.8,0.6,85.3,Rain
"London, England, United Kingdom",2013-11-02,15.3,10.3,12,,1.9,,0.3,17.5,0.4,77.08,Rain
"London, England, United Kingdom",2013-11-03,11.8,7.6,9.3,,0.8,,0.2,32.1,0.3,70.42,Rain
"London, England, United Kingdom",2013-11-04,10.5,4.8,7.6,,22.29,,0.2,28.1,0.3,77.59,Rain
"London, England, United Kingdom",2013-11-05,12.6,4.6,8.9,,8.28,,0.2,28.1,0.6,78.42,Rain
"London, England, United Kingdom",2013-11-06,15.1,9.6,12.1,,1.66,,0.2,18,0.6,85.47,Rain
"London, England, United Kingdom",2013-11-07,15,8,10.7,,3.25,,0.2,39.3,0.5,77.59,Rain
"London, England, United Kingdom",2013-11-08,10.6,5.6,7.7,6.1,9.13,,14.4,22.5,14.3,86.2,Rain
"London, England, United Kingdom",2013-11-09,7.3,3.3,5.7,,6.4,,0.1,25.7,0.4,89.82,Rain
"London, England, United Kingdom",2013-11-10,9.3,2.5,6.2,,0.95,,0.1,27.9,0.2,78.14,Rain
"London, England, United Kingdom",2013-11-11,12.8,3,9.3,,4.64,,0.1,13.9,0.6,90.74,Rain
"London, England, United Kingdom",2013-11-12,13.3,6.3,11.1,,4.95,,0.1,16.8,0.4,83.54,Rain
"London, England, United Kingdom",2013-11-13,10,2.1,6.4,,0.6,,0.1,20.4,0.2,81.11,Rain
"London, England, United Kingdom",2013-11-14,10,5.6,8.4,,0.3,,0.2,27.5,0.2,72.07,Rain
"London, England, United Kingdom",2013-11-15,9.6,3.6,6.9,,0.4,,0.1,22.3,0.2,68.34,Rain
"London, England, United Kingdom",2013-11-16,9.1,1.6,6,,0.2,,0.1,13.3,0.3,85.67,Rain
"London, England, United Kingdom",2013-11-17,9.8,8.8,9.4,,0,,0.1,7.6,0.7,82.44,Clear
"London, England, United Kingdom",2013-11-18,9.5,7.5,8.8,,1.2,,0.1,7.4,0.6,90.1,Rain
"London, England, United Kingdom",2013-11-19,7.1,1,4.5,,0.4,,0.1,35,0.1,70.8,Rain
"London, England, United Kingdom",2013-11-20,7.1,-0.9,3.3,,5.24,,0.2,26.5,0.4,82.96,Rain
"London, England, United Kingdom",2013-11-21,8.3,3.1,5.8,,7.08,,0.2,30,0.4,75.78,Rain
"London, England, United Kingdom",2013-11-22,8.1,4.1,5.9,,0.2,,0.2,39.1,0.2,73.19,Rain
"London, England, United Kingdom",2013-11-23,7.8,3.6,6,,0.2,,0.1,24.8,0.4,79.74,Rain
"London, England, United Kingdom",2013-11-24,8.6,5.3,7.1,,0.4,,0.1,24.8,0.6,75.74,Rain
"London, England, United Kingdom",2013-11-25,7.5,5.1,6.2,,0.2,,0.1,25.9,0.6,74.35,Rain
"London, England, United Kingdom",2013-11-26,7.8,3.3,6.1,,0,,0.1,25.1,0.5,68.28,Clear
"London, England, United Kingdom",2013-11-27,10.8,6,8.5,,0.4,,0.1,8.7,0.6,86.44,Rain
"London, England, United Kingdom",2013-11-28,10.3,8.6,9.4,,0,,0.1,7.6,0.7,83.72,Clear
"London, England, United Kingdom",2013-11-29,10.6,6.8,8.8,,0.2,,0.2,24.2,0.5,75.1,Rain
"London, England, United Kingdom",2013-11-30,8.8,4.1,7.1,,0.4,,0.1,25.3,0.5,70.16,Rain
"London, England, United Kingdom",2013-12-01,9.8,2.6,6.6,,0,,0.1,20.3,0.5,80.05,Clear
"London, England, United Kingdom",2013-12-02,9.8,7.1,8.6,,0,,0.1,17,0.6,74.18,Clear
"London, England, United Kingdom",2013-12-03,7.8,3.8,6.5,2.5,0,,5.4,20.9,3.6,69.63,Clear
"London, England, United Kingdom",2013-12-04,9.3,2.5,6.3,,0.2,,0.1,21.7,0.4,74.7,Rain
"London, England, United Kingdom",2013-12-05,10.5,0.8,5.6,,1.4,,0.3,32.3,0.2,72.36,Rain
"London, England, United Kingdom",2013-12-06,8.1,2.5,6,,0,,0.1,37.6,0.3,68.34,Clear
"London, England, United Kingdom",2013-12-07,9.1,6.5,7.7,,0,,0.1,25.4,0.6,83.74,Clear
"London, England, United Kingdom",2013-12-08,11.5,5.1,8.2,,0.6,,0.2,35,0.3,81.94,Rain
"London, England, United Kingdom",2013-12-09,11.1,5.5,7.7,,0.4,,0.1,18,0.1,88,Rain
"London, England, United Kingdom",2013-12-10,9.6,2.3,6.1,,0.6,,0.1,5,0.2,89.27,Rain
"London, England, United Kingdom",2013-12-11,7.6,2.5,4.1,,0.65,,0.1,7.5,0.1,92.71,Rain
"London, England, United Kingdom",2013-12-12,9.3,1.6,5.5,,0.4,,0.1,3.1,0.4,93.25,Rain
"London, England, United Kingdom",2013-12-13,12,8.1,10.4,,3.2,,0.1,13.6,0.6,84.06,Rain
"London, England, United Kingdom",2013-12-14,11.6,3.8,8.5,,2.39,,0.2,21.3,0.3,79.92,Rain
"London, England, United Kingdom",2013-12-15,12.6,8.1,11.2,,3.95,,0.2,13,0.5,90.17,Rain
"London, England, United Kingdom",2013-12-16,13.1,8.6,11.7,,6.82,,0.2,15.4,0.6,88.1,Rain
"London, England, United Kingdom",2013-12-17,7.5,4.8,6.2,,12,,0.1,18.6,0.6,88,Rain
"London, England, United Kingdom",2013-12-18,10.6,5.1,8.7,,2.4,,0.3,18.3,0.5,86.08,Rain
"London, England, United Kingdom",2013-12-19,9.8,4.1,7.1,,13.42,,0.2,29.1,0.3,76.48,Rain
"London, England, United Kingdom",2013-12-20,10.6,2.6,6.7,,4.37,,0.3,30.1,0.2,77.89,Rain
"London, England, United Kingdom",2013-12-21,12.3,9.6,10.9,,7.22,,0.3,15.7,0.6,84.53,Rain
"London, England, United Kingdom",2013-12-22,10.3,5.1,8.4,,5.9,,0.2,34.9,0.2,71.61,Rain
"London, England, United Kingdom",2013-12-23,12.1,5.1,9.2,,9.02,,0.3,16.6,0.5,83.02,Rain
"London, England, United Kingdom",2013-12-24,12,5.6,8.7,,18.78,,0.4,21.7,0.4,80.95,Rain
"London, England, United Kingdom",2013-12-25,7.8,4,5.2,,6.83,,0.1,39,0.2,83.8,Rain
"London, England, United Kingdom",2013-12-26,7.8,2.9,4.2,,4.19,,0.2,18.3,0.4,91.5,Rain
"London, England, United Kingdom",2013-12-27,11.1,7.6,9.3,,8.01,,0.3,19.7,0.4,73.65,Rain
"London, England, United Kingdom",2013-12-28,8.1,3.6,5.8,,0.2,,0.1,32.5,0.2,75.33,Rain
"London, England, United Kingdom",2013-12-29,7.8,0.8,4,,0.2,,0.1,27.3,0.1,83.02,Rain
"London, England, United Kingdom",2013-12-30,10.5,6.6,9,,4.22,,0.3,23.5,0.4,81.4,Rain
"London, England, United Kingdom",2013-12-31,11.1,6,8.4,,4.44,,0.2,25.3,0.5,83.63,Rain
"London, England, United Kingdom",2014-01-01,11.6,6.6,9.1,5.3,11.86,,6.6,14.2,3.1,85.05,Rain
"London, England, United Kingdom",2014-01-02,11,6.6,9.1,,5.42,,0.2,26.7,0.3,81.04,Rain
"London, England, United Kingdom",2014-01-03,10.6,7.3,9,,10.43,,0.2,17.9,0.3,76.76,Rain
"London, England, United Kingdom",2014-01-04,10.1,4.5,8,,10,,0.2,22,0.4,82.45,Rain
"London, England, United Kingdom",2014-01-05,12,1.8,6.1,,0.63,,0.2,25.5,0.4,85.93,Rain
"London, England, United Kingdom",2014-01-06,12.6,9.1,11.6,,13.81,,0.2,14,0.5,77.19,Rain
"London, England, United Kingdom",2014-01-07,11.8,8.9,10.7,,7.92,,0.2,16.7,0.4,75.7,Rain
"London, England, United Kingdom",2014-01-08,12,7.2,9.6,,2.2,,0.1,20.7,0.4,83.73,Rain
"London, England, United Kingdom",2014-01-09,12.1,5.1,9,,8.2,,0.2,31.6,0.3,75.91,Rain
"London, England, United Kingdom",2014-01-10,10.6,2.8,6.8,,1.11,,0.1,26.8,0.3,83.14,Rain
"London, England, United Kingdom",2014-01-11,8.8,1.8,6.9,,1.05,,0.1,27,0.2,79.49,Rain
"London, England, United Kingdom",2014-01-12,9.1,1.1,4.8,,0.2,,0.1,14.1,0.4,88.53,Rain
"London, England, United Kingdom",2014-01-13,10,5.3,7.5,,5.27,,0.2,23.9,0.3,81.92,Rain
"London, England, United Kingdom",2014-01-14,7,2.1,5.1,,1,,0.1,29.1,0.3,79.12,Rain
"London, England, United Kingdom",2014-01-15,11.5,6.5,9.7,,6.63,,0.2,13,0.5,88.92,Rain
"London, England, United Kingdom",2014-01-16,10.8,7.1,9.2,,5.56,,0.2,19.6,0.4,81.01,Rain
"London, England, United Kingdom",2014-01-17,9,6.6,7.6,,21.79,,0.2,21.4,0.4,85.89,Rain
"London, England, United Kingdom",2014-01-18,10.3,8,8.9,,0.86,,0.2,21.8,0.5,80.68,Rain
"London, England, United Kingdom",2014-01-19,9.8,4,7.3,,1.45,,0.1,29.9,0.3,78.14,Rain
"London, England, United Kingdom",2014-01-20,9.1,1.8,5,,0.8,,0,17.4,0.2,87.24,Rain
"London, England, United Kingdom",2014-01-21,8.3,2.3,5.1,3.6,0.6,,12.4,11.6,1.4,86.57,Rain
"London, England, United Kingdom",2014-01-22,10.3,6.3,7.9,,9.22,,0.1,13.9,0.6,85.12,Rain
"London, England, United Kingdom",2014-01-23,8.8,3.5,5.9,,3.48,,0.2,22,0.3,80.39,Rain
"London, England, United Kingdom",2014-01-24,8.5,2.6,6,,0,,0.1,19,0.5,80.87,Clear
"London, England, United Kingdom",2014-01-25,12.3,6.1,8.5,,7.2,,0.3,17.5,0.4,81.76,Rain
"London, England, United Kingdom",2014-01-26,9.3,3.1,6,,4.03,,0.2,22.4,0.4,77.83,Rain
"London, England, United Kingdom",2014-01-27,8.5,2.6,5,,1.01,,0.2,27.2,0.3,78.09,Rain
"London, England, United Kingdom",2014-01-28,9.1,5.1,6.7,,1.32,,0.2,25.2,0.4,80.77,Rain
"London, England, United Kingdom",2014-01-29,5.6,4.1,4.8,,11.03,,0.1,13.7,0.6,88.65,Rain
"London, England, United Kingdom",2014-01-30,6.3,3,4.7,,4.99,,0.1,7.5,0.6,89.38,Rain
"London, England, United Kingdom",2014-01-31,9.1,1.9,5.5,,8.02,,0.2,7.8,0.5,90.16,Rain
"London, England, United Kingdom",2014-02-01,9.8,5.1,7.6,,13.07,,0.2,25.8,0.3,74.34,Rain
"London, England, United Kingdom",2014-02-02,9.5,5.8,7.6,,6.4,,0.2,22.5,0.2,70.92,Rain
"London, England, United Kingdom",2014-02-03,8.6,5.2,6.5,,0.4,,0.2,24.8,0.4,77.9,Rain
"London, England, United Kingdom",2014-02-04,9.6,4.5,7.2,,1.75,,0.2,32.2,0.4,73.26,Rain
"London, England, United Kingdom",2014-02-05,10,5.8,8.2,,17.1,,0.3,16,0.5,75.95,Rain
"London, England, United Kingdom",2014-02-06,9.8,5.8,8.1,,5.23,,0.2,15.6,0.5,80.95,Rain
"London, England, United Kingdom",2014-02-07,10,4.6,8,,7.45,,0.2,23.9,0.5,77.61,Rain
"London, England, United Kingdom",2014-02-08,9.5,6.7,8,,6.04,,0.3,18.5,0.4,76.42,Rain
"London, England, United Kingdom",2014-02-09,8.3,5.1,7.1,,1.2,,0.3,31.6,0.4,64.59,Rain
"London, England, United Kingdom",2014-02-10,9.5,4.3,5.9,,3.54,,0.1,28.4,0.4,81.74,Rain
"London, England, United Kingdom",2014-02-11,8,2.8,5.7,,2.41,,0.3,33.6,0.3,74.6,Rain
"London, England, United Kingdom",2014-02-12,9.1,3.1,6.4,,6.72,,0.3,25.4,0.4,73.55,Rain
"London, England, United Kingdom",2014-02-13,8,4.1,5.9,,0.84,,0.2,38,0.2,65.7,Rain
"London, England, United Kingdom",2014-02-14,12.3,3.8,7.2,,9.22,,0.4,21.4,0.5,80.23,Rain
"London, England, United Kingdom",2014-02-15,10.1,5.5,8.6,,4.15,,0.4,28.1,0.3,67.84,Rain
"London, England, United Kingdom",2014-02-16,10.5,2.2,6.2,,0.2,,0.1,25.1,0.1,75,Rain
"London, England, United Kingdom",2014-02-17,11.1,5.1,8.2,,0.4,,0.2,18.4,0.5,81.37,Rain
"London, England, United Kingdom",2014-02-18,10.6,6.3,8.6,,7.83,,0.1,18.5,0.5,85.2,Rain
"London, England, United Kingdom",2014-02-19,10.6,5.3,7.9,,1.53,,0.1,17.4,0.5,85.56,Rain
"London, England, United Kingdom",2014-02-20,12.6,6.8,10.2,,1.52,,0.2,20,0.5,82.96,Rain
"London, England, United Kingdom",2014-02-21,10.6,3.6,7,,0.4,,0.2,34.5,0.2,70.8,Rain
"London, England, United Kingdom",2014-02-22,12.1,4.8,8.1,,0,,0.2,30.2,0.2,69.34,Clear
"London, England, United Kingdom",2014-02-23,12.1,8.8,10.5,,0.7,,0.2,27.2,0.4,74.02,Rain
"London, England, United Kingdom",2014-02-24,14.8,8.1,10.9,,0.2,,0.2,31.2,0.4,71.91,Rain
"London, England, United Kingdom",2014-02-25,11.6,7,9.2,,6.26,,0.2,22.8,0.4,76.14,Rain
"London, England, United Kingdom",2014-02-26,11.8,4.3,7.8,,1,,0.2,23.2,0.2,71.76,Rain
"London, England, United Kingdom",2014-02-27,10.6,4.3,7.8,,2.41,,0.2,23.3,0.3,72.9,Rain
"London, England, United Kingdom",2014-02-28,7.8,3.6,5.6,,5.61,,0.1,19.3,0.5,84.14,Rain
